Country,Time,Monetary Aggregates - M2 (JPY),Monetary Aggregates - M3 (JPY),Total Credit - Private Non-Financial (%GDP),Total Credit - General Government (%GDP),Total Credit - Households & NPISHs (%GDP),Total Treasury Reserves (- Gold),10-Year Gov Bond Yields (%),Call Money/Interbank Immediate (%),USD-JPY reer CPI-based (Index 2015=100),JPY-USD Spot Exchange Rate,HICP (NSA) - Japan,Real GDP (billions chained 2015 JPY)
JP,1950-12,,,,,,598.0,,,,,,
JP,1951-01,,,,,,,,,,,,
JP,1951-02,,,,,,,,,,,,
JP,1951-03,,,,,,,,,,,,
JP,1951-04,,,,,,,,,,,,
JP,1951-05,,,,,,,,,,,,
JP,1951-06,,,,,,,,,,,,
JP,1951-07,,,,,,,,,,,,
JP,1951-08,,,,,,,,,,,,
JP,1951-09,,,,,,,,,,,,
JP,1951-10,,,,,,,,,,,,
JP,1951-11,,,,,,,,,,,,
JP,1951-12,,,,,,1034.0,,,,,,
JP,1952-01,,,,,,,,,,,,
JP,1952-02,,,,,,,,,,,,
JP,1952-03,,,,,,,,,,,,
JP,1952-04,,,,,,,,,,,,
JP,1952-05,,,,,,,,,,,,
JP,1952-06,,,,,,,,,,,,
JP,1952-07,,,,,,,,,,,,
JP,1952-08,,,,,,,,,,,,
JP,1952-09,,,,,,,,,,,,
JP,1952-10,,,,,,,,,,,,
JP,1952-11,,,,,,,,,,,,
JP,1952-12,,,,,,1085.0,,,,,,
JP,1953-01,,,,,,,,,,,,
JP,1953-02,,,,,,,,,,,,
JP,1953-03,,,,,,,,,,,,
JP,1953-04,,,,,,,,,,,,
JP,1953-05,,,,,,,,,,,,
JP,1953-06,,,,,,,,,,,,
JP,1953-07,,,,,,,,,,,,
JP,1953-08,,,,,,,,,,,,
JP,1953-09,,,,,,,,,,,,
JP,1953-10,,,,,,,,,,,,
JP,1953-11,,,,,,,,,,,,
JP,1953-12,,,,,,874.06,,,,,,
JP,1954-01,,,,,,,,,,,,
JP,1954-02,,,,,,,,,,,,
JP,1954-03,,,,,,,,,,,,
JP,1954-04,,,,,,,,,,,,
JP,1954-05,,,,,,,,,,,,
JP,1954-06,,,,,,,,,,,,
JP,1954-07,,,,,,,,,,,,
JP,1954-08,,,,,,,,,,,,
JP,1954-09,,,,,,,,,,,,
JP,1954-10,,,,,,,,,,,,
JP,1954-11,,,,,,,,,,,,
JP,1954-12,,,,,,909.06,,,,,,
JP,1955-01,3581223800349.6,,,,,,,,,,,
JP,1955-02,3555441696605.7,,,,,,,,,,,
JP,1955-03,3591476914965.9,,,,,,,,,,,
JP,1955-04,3664343710103.1,,,,,,,,,,,
JP,1955-05,3668425046989.2,,,,,,,,,,,
JP,1955-06,3716604731205.6,,,,,,,,,,,
JP,1955-07,3778720687716.0,,,,,,,,,,,
JP,1955-08,3796340117687.7,,,,,,,,,,,
JP,1955-09,3844917981112.5,,,,,,,,,,,
JP,1955-10,3900862159892.7,,,,,,,,,,,
JP,1955-11,3965964460466.1,,,,,,,,,,,
JP,1955-12,4297349106657.0,,,,,1053.5,,,,,,
JP,1956-01,4156791846091.8,,,,,,,,,,,
JP,1956-02,4160972727780.0,,,,,,,,,,,
JP,1956-03,4260816164286.3,,,,,,,,,,,
JP,1956-04,4321339403963.1,,,,,,,,,,,
JP,1956-05,4365238661689.2,,,,,,,,,,,
JP,1956-06,4484991058615.5,,,,,,,,,,,
JP,1956-07,4508085452702.7,,,,,,,,,,,
JP,1956-08,4560545563409.4,,,,,,,,,,,
JP,1956-09,4734948056688.6,,,,,,,,,,,
JP,1956-10,4731762623021.4,,,,,,,,,,,
JP,1956-11,4842058263748.2,,,,,,,,,,,
JP,1956-12,5232472977584.4,,,,,1247.5,,,,,,
JP,1957-01,5118991903190.4,,,,,1187.5,,,,,,
JP,1957-02,5085445304882.7,,,,,1113.5,,,,,,
JP,1957-03,5260544611776.6,,,,,1040.5,,,,,,
JP,1957-04,5304145235096.4,,,,,983.5,,,,,,
JP,1957-05,5336995019789.4,,,,,902.5,,,,,,
JP,1957-06,5426485796877.3,,,,,811.5,,,,,,
JP,1957-07,5398613252289.3,,,,,751.0,,,,,,
JP,1957-08,5419219026324.0,,,,,744.0,,,,,,
JP,1957-09,5482429975657.5,,,,,731.0,,,,,,
JP,1957-10,5551514068314.9,,,,,751.0,,,,,,
JP,1957-11,5637918956537.7,,,,,767.0,,,,,,
JP,1957-12,6004044738661.5,,,,,805.0,,,,,,
JP,1958-01,5850944833031.7,,,,,803.0,,,,,,
JP,1958-02,5814909614671.5,,,,,841.0,,,,,,
JP,1958-03,5943919678193.1,,,,,900.0,,,,,,
JP,1958-04,6058396200608.1,,,,,753.0,,,,,,
JP,1958-05,6070042942453.8,,,,,786.0,,,,,,
JP,1958-06,6169687289355.9,,,,,806.0,,,,,,
JP,1958-07,6251015392671.6,,,,,833.0,,,,,,
JP,1958-08,6352650635615.7,,,,,885.0,,,,,,
JP,1958-09,6457869491435.4,,,,,868.0,,,,,,
JP,1958-10,6544174834856.1,,,,,915.0,,,,,,
JP,1958-11,6760187055413.1,,,,,983.5,,,,,,
JP,1958-12,7135072780121.7,,,,,1008.5,,,,,,
JP,1959-01,6902337032811.9,,,,,857.5,,,,,,
JP,1959-02,6964054810113.9,,,,,926.5,,,,,,
JP,1959-03,7184745636369.6,,,,,917.5,,,,,,
JP,1959-04,7273041875832.3,,,,,943.5,,,,,,
JP,1959-05,7410811881938.7,,,,,982.5,,,,,,
JP,1959-06,7452620698820.7,,,,,993.5,,,,,,
JP,1959-07,7523297508311.7,,,,,1020.5,,,,,,
JP,1959-08,7473823741668.0,,,,,1000.5,,,,,,
JP,1959-09,7763100936570.6,,,,,1090.0,,,,,,
JP,1959-10,7877278824579.3,,,,,1131.0,,,,,,
JP,1959-11,8023111959655.8,,,,,1173.0,,,,,,
JP,1959-12,8563640235058.8,,,,,1202.0,,,,,,
JP,1960-01,8449661436654.3,,,,,1209.0,,,,,,
JP,1960-02,8365546078879.8,,,,,1202.0,,,,,,
JP,1960-03,8621276675474.7,,,,,1242.0,,,,,,
JP,1960-04,8737345914723.3,,,,,1266.0,,,,,,
JP,1960-05,8799163236827.4,,,,,1300.0,,,,,,
JP,1960-06,8952760866467.7,,,,,1332.0,,,,,,
JP,1960-07,9105860772097.5,,,,,1385.0,,,,,,
JP,1960-08,9113326632255.0,,,,,1447.0,,,,,,
JP,1960-09,9377518537028.4,,,,,1536.0,,,,,,
JP,1960-10,9488013267359.4,,,,,1595.0,,,,,,
JP,1960-11,9712188161688.6,,,,,1638.0,,,,,,
JP,1960-12,10372966558028.4,,,,,1702.0,,,,,,
JP,1961-01,10148891208501.3,,,,,1763.0,,,,,,
JP,1961-02,10243757404902.6,,,,,1815.0,,,,,,
JP,1961-03,10596146004336.6,,,,,1875.0,,,,,,
JP,1961-04,10864021066787.7,,,,,1913.0,,,,,,
JP,1961-05,10833659902147.2,,,,,1844.0,,,,,,
JP,1961-06,11073264240801.9,,,,,1790.0,,,,,,
JP,1961-07,11114973512881.8,,,,,1715.0,,,,,,
JP,1961-08,11162356838681.4,,,,,1604.0,,,,,,
JP,1961-09,11442177277384.5,,,,,1518.0,,,,,,
JP,1961-10,11472936621233.4,,,,,1403.0,,,,,,
JP,1961-11,11698306053187.8,,,,,1385.0,,,,,,
JP,1961-12,12466294201389.3,,,,,1379.0,,,,,,
JP,1962-01,12120575103696.0,,,,,1403.0,,,,,,
JP,1962-02,12102657039318.0,,,,,1407.0,,,,,,
JP,1962-03,12409553664192.3,,,,,1454.0,,,,,,
JP,1962-04,12601675132245.3,,,,,1451.0,,,,,,
JP,1962-05,12714758027430.9,,,,,1478.0,,,,,,
JP,1962-06,12928878896748.0,,,,,1515.0,,,,,,
JP,1962-07,13022849189930.4,,,,,1527.0,,,,,,
JP,1962-08,13141108414825.2,,,,,1539.0,,,,,,
JP,1962-09,13638135611710.5,,,,,1612.0,,,,,,
JP,1962-10,13675365367695.9,,,,,1696.0,,,,,,
JP,1962-11,14028251691140.4,,,,,1684.0,,,,,,
JP,1962-12,14990451748239.0,,,,,1732.01,,,,,,
JP,1963-01,14671112023102.2,,,,,1775.0,,,,,,
JP,1963-02,14775833154911.4,,,,,1747.0,,,,,,
JP,1963-03,15461995475786.7,,,,,1754.0,,,,,,
JP,1963-04,15509577891190.5,,,,,1769.0,,,,,,
JP,1963-05,15718422885996.3,,,,,1785.0,,,,,,
JP,1963-06,16241132641823.4,,,,,1793.0,,,,,,
JP,1963-07,16287321429997.8,,,,,1774.0,,,,,,
JP,1963-08,16397716615526.7,,,,,1800.0,,,,,,
JP,1963-09,16998469496200.2,,,,,1797.0,,,,,,
JP,1963-10,17067553588857.6,,,,,1813.0,,,,,,
JP,1963-11,17442439313566.2,,,,,1802.0,,,,,,
JP,1963-12,18582924111225.9,,,,,1769.01,,,,,,
JP,1964-01,18078630143787.3,,,,,1746.0,,,,,,
JP,1964-02,18080421950225.1,,,,,1692.0,,,,,,
JP,1964-03,18648623680611.9,,,,,1707.0,,,,,,
JP,1964-04,18747770303503.5,,,,,1685.0,,,,,,
JP,1964-05,19014351283527.3,,,,,1640.0,,,,,,
JP,1964-06,19149134945570.7,,,,,1647.0,,,,,,
JP,1964-07,19266000543236.1,,,,,1625.03,,,,,,
JP,1964-08,19331202388611.6,,,,,1637.08,,,,,,
JP,1964-09,19874119739265.0,,,,,1649.08,,,,,,
JP,1964-10,19900797746227.8,,110.8,,20.1,1616.08,,,,,,
JP,1964-11,20216852492895.3,,110.8,,20.1,1634.08,,,,,,
JP,1964-12,21424530031972.5,,110.8,,20.1,1715.08,,,,,,
JP,1965-01,21039490737449.7,,111.6,,20.1,1743.08,,,,,,
JP,1965-02,21135949650684.6,,111.6,,20.1,1766.16,,,,,,
JP,1965-03,21579521288842.2,,111.6,,20.1,1769.67,,,,,,
JP,1965-04,21693201452840.4,,111.5,,19.9,1735.17,,,,,,
JP,1965-05,21866907132504.9,,111.5,,19.9,1731.17,,,,,,
JP,1965-06,22296243863962.2,,111.5,,19.9,1698.17,,,,,,
JP,1965-07,22393996859624.4,,114.0,,20.6,1668.16,,,,,,
JP,1965-08,22559639410318.8,,114.0,,20.6,1681.79,,,,,,
JP,1965-09,23269792028500.2,,114.0,,20.6,1687.29,,,,,,
JP,1965-10,23496853722090.3,,117.8,,21.6,1716.29,,,,,,
JP,1965-11,23763335157312.0,,117.8,,21.6,1803.29,,,,,,
JP,1965-12,25278805224482.4,,117.8,,21.6,1824.29,,,,,,
JP,1966-01,24571838039968.2,,118.2,,21.7,1799.29,,,,,,
JP,1966-02,24641718491042.4,,118.2,,21.7,1826.29,,,,,,
JP,1966-03,25570471494635.4,,118.2,,21.7,1826.54,,,,,,
JP,1966-04,25582317326085.3,,116.4,,21.8,1814.52,,,,,,
JP,1966-05,25748158966383.9,,116.4,,21.8,1812.52,,,,,,
JP,1966-06,26234933048652.9,,116.4,,21.8,1820.52,,,,,,
JP,1966-07,26601954733995.6,,117.5,,22.5,1769.52,,,,,,
JP,1966-08,26602651547610.3,,117.5,,22.5,1779.09,,,,,,
JP,1966-09,27376512839135.7,,117.5,,22.5,1760.09,,,,,,
JP,1966-10,27300759244737.6,,118.4,,22.8,1735.09,,,,,,
JP,1966-11,27772601606691.6,,118.4,,22.8,1760.09,,,,,,
JP,1966-12,29388313289576.7,,118.4,,22.8,1790.1,,,,,,
JP,1967-01,28121406593250.0,,117.5,,22.8,1768.09,,,,,,
JP,1967-02,27829541233492.8,,117.5,,22.8,1766.09,,,,,,
JP,1967-03,28490419174634.7,,117.5,,22.8,1792.41,,,,,,
JP,1967-04,28820808372804.6,,117.0,,23.0,1807.41,,,,,,
JP,1967-05,28685228352344.4,,117.0,,23.0,1805.4,,,,,,
JP,1967-06,29298424333280.4,,117.0,,23.0,1769.4,,,,,,
JP,1967-07,29692323115190.1,,118.0,,23.1,1730.02,,,,,,
JP,1967-08,29897086773109.8,,118.0,,23.1,1675.02,,,,,,
JP,1967-09,30523522212725.1,,118.0,,23.1,1712.02,,,,,,
JP,1967-10,30743814859772.4,,119.2,,23.8,1682.22,,,,,,
JP,1967-11,31222227178665.0,,119.2,,23.8,1651.63,,,,,,
JP,1967-12,32611773071178.9,,119.2,,23.8,1691.63,,,,,,
JP,1968-01,32547268039418.1,,118.1,,23.6,1657.63,,,,,,
JP,1968-02,32225638783833.0,,118.1,,23.6,1686.43,,,,,,
JP,1968-03,32840228391998.4,,118.1,,23.6,1647.33,,,,,,
JP,1968-04,33245773915753.8,,116.7,,23.5,1577.8,,,,,,
JP,1968-05,33455415268976.4,,116.7,,23.5,1602.6,,,,,,
JP,1968-06,34098474690542.4,,116.7,,23.5,1646.1,,,,,,
JP,1968-07,34447379221902.9,,116.7,,24.0,1742.05,,,,,,
JP,1968-08,34568823880464.9,,116.7,,24.0,1888.29,,,,,,
JP,1968-09,35070927862257.3,,116.7,,24.0,2025.39,,,,,,
JP,1968-10,35246027169151.2,,116.9,,24.4,2219.04,,,,,,
JP,1968-11,36017698475030.4,,116.9,,24.4,2437.04,,,,,,
JP,1968-12,37701797436958.2,,116.9,,24.4,2550.04,,,,,,
JP,1969-01,37721507307774.0,,116.4,,24.2,2594.04,,,,,,
JP,1969-02,37287790605024.3,,116.4,,24.2,2734.79,,,,,,
JP,1969-03,37985301033339.0,,116.4,,24.2,2860.79,,,,,,
JP,1969-04,38716358059961.4,,116.0,,24.5,2748.79,,,,,,
JP,1969-05,39032213717024.7,,116.0,,24.5,2741.79,,,,,,
JP,1969-06,39818020384802.1,,116.0,,24.5,2765.79,,,,,,
JP,1969-07,40427334118456.2,,116.5,,24.8,2710.8,,,,,,
JP,1969-08,40814762488229.4,,116.5,,24.8,2802.6,,,,,,
JP,1969-09,41437415225364.9,,116.5,,24.8,2928.48,,,,,,
JP,1969-10,41775768007702.8,,118.8,,25.6,2935.58,,,,,,
JP,1969-11,42692874269450.1,,118.8,,25.6,3177.58,,,,,,
JP,1969-12,44744194006324.8,,118.8,,25.6,3240.69,,,,,,
JP,1970-01,44833087514600.1,,116.4,,25.3,3319.99,,,70.31872,,30.3,
JP,1970-02,44390113145255.1,,116.4,,25.3,3351.19,,,70.12753000000001,,30.3,
JP,1970-03,45094392620112.6,,116.4,,25.3,3589.87,,,70.36185,,30.6,
JP,1970-04,45933754391419.8,,115.6,,25.2,3644.88,,,70.45936,,30.9,
JP,1970-05,46471893591572.4,,115.6,,25.2,3619.08,,,69.85474,,30.8,
JP,1970-06,47218977331332.9,,115.6,,25.2,3612.08,,,69.65021999999999,,30.8,
JP,1970-07,47935500816848.7,,116.1,,25.5,3475.38,,,69.15635999999999,,30.8,
JP,1970-08,48252551011537.2,,116.1,,25.5,3493.83,,,69.05391999999999,,30.7,
JP,1970-09,48815875046621.1,,116.1,,25.5,3466.52,,,69.94348000000001,,31.2,
JP,1970-10,49235755021878.9,,118.8,,26.2,3687.81,,,70.70011,,31.7,
JP,1970-11,50119911954131.1,,118.8,,26.2,3894.61,,,70.43721,,31.7,
JP,1970-12,52350611424390.0,,118.8,,26.2,4307.53,,,70.54449,,31.9,
JP,1971-01,52452545301740.4,,120.0,,26.4,4439.63,,,70.70763000000001,358.02,32.2,
JP,1971-02,52130716956551.1,,120.0,,26.4,4774.12,,,70.59154000000001,357.545,32.2,
JP,1971-03,53101577411432.4,,120.0,,26.4,5359.67,,,70.4565,357.5187,32.3,
JP,1971-04,54292630968558.9,,122.3,,26.9,5456.15,,,71.13789,357.5032,32.7,
JP,1971-05,55206452251836.9,,122.3,,26.9,6476.52,,,70.78194,357.413,32.8,
JP,1971-06,56431948310490.0,,122.3,,26.9,7159.52,,,70.5892,357.4118,32.9,
JP,1971-07,57884804697139.5,,126.2,,27.6,7458.32,,,70.33856999999999,357.4043,32.9,
JP,1971-08,58703062970401.5,,126.2,,27.6,11835.32,,,70.15311,355.78,32.9,
JP,1971-09,59841755961623.4,,126.2,,27.6,12705.33,,,73.41816999999999,338.021,33.7,
JP,1971-10,60480236322292.8,,131.9,,29.1,13420.66,,,75.8056,331.1105,33.8,
JP,1971-11,61567166016422.7,,131.9,,29.1,14156.67,,,76.04397,328.752,33.5,
JP,1971-12,65288747987733.3,,131.9,,29.1,14621.9012549144,,,77.06125,320.0727,33.5,
JP,1972-01,65615254938621.3,,132.7,,29.1,15219.2045502331,,,79.16344000000001,312.72,33.5,
JP,1972-02,65305471514486.1,,132.7,,29.1,15706.2045502331,,,78.85194,305.187,33.7,
JP,1972-03,66939200806551.3,,132.7,,29.1,15865.7109288581,,,79.14993,302.5365,34.0,
JP,1972-04,68492796532926.0,,133.3,,29.5,15737.1135670681,,,79.97653000000001,303.5605,34.4,
JP,1972-05,69302095773999.0,,133.3,,29.5,15231.9570609315,,,79.88172,304.3795,34.5,
JP,1972-06,71463312972392.1,,133.3,,29.5,15042.4948710759,,,79.54253,302.4145,34.5,
JP,1972-07,73552559278866.9,,136.4,,30.5,15081.6771630277,,,79.42834,301.0305,34.5,
JP,1972-08,74188252385077.5,,136.4,,30.5,15569.7451832297,,,79.8009,301.1609,34.8,
JP,1972-09,75944919507736.2,,136.4,,30.5,15686.8932208098,,,79.98064000000001,301.119,35.0,
JP,1972-10,77287579798461.0,,140.8,,32.0,16994.0773042246,,,80.32829,301.011,35.2,
JP,1972-11,79092327060534.0,,140.8,,32.0,17609.7024603015,,,80.03949,300.9885,35.1,
JP,1972-12,82589535047911.2,,140.8,,32.0,17563.6145172147,,,80.36459,301.2405,35.4,
JP,1973-01,82747910828052.3,,140.4,,32.5,17054.7413289884,,,82.07927,301.7882,35.7,
JP,1973-02,82790814637757.4,,140.4,,32.5,18244.038785431,,,86.21670999999999,278.4206,36.0,
JP,1973-03,84925254284385.6,,140.4,,32.5,17234.812776616,,,91.87420999999999,261.9014,36.9,
JP,1973-04,87188604449733.3,,139.2,,32.7,15945.130889885,,,91.73816,265.4914,37.6,
JP,1973-05,87636456514381.2,,139.2,,32.7,14978.1943436663,,,92.11823000000001,264.6505,38.2,
JP,1973-06,89529898195125.3,,139.2,,32.7,14308.4076858428,,,90.06285,264.4981,38.3,
JP,1973-07,90311125802006.1,,139.1,,33.5,14266.3410352546,,,88.29749,264.5538,38.6,
JP,1973-08,90416046023419.5,,139.1,,33.5,14235.0578456832,,,88.89859,265.22,38.9,
JP,1973-09,91559517165142.2,,139.1,,33.5,13903.8591605825,,,90.84137,265.4747,40.0,
JP,1973-10,91497898932642.3,,139.3,,34.6,13157.6344184313,,,89.6627,266.3348,40.2,
JP,1973-11,92784814134191.1,,139.3,,34.6,12305.1080899356,,,87.48555,278.2625,40.5,
JP,1973-12,95775538168483.5,,139.3,,34.6,11354.5531710616,,,89.87289,280.1775,41.8,
JP,1974-01,95538123815475.0,,137.5,,34.4,10675.0109791206,,,88.67746,298.1336,43.6,
JP,1974-02,94903724791691.7,,137.5,,34.4,11008.3760795408,,,89.92908,291.0872,45.0,
JP,1974-03,95762298709804.2,,137.5,,34.4,11534.3646192718,,,91.45603,282.1648,45.3,
JP,1974-04,97056182047500.0,,135.0,,34.2,11822.6166851374,,,93.61737,277.7741,46.4,
JP,1974-05,97848857306622.3,,135.0,,34.2,12275.1436168178,,,92.04462,278.9664,46.6,
JP,1974-06,99617867984741.4,,135.0,,34.2,12537.1556802716,,,91.45029,282.97,46.9,
JP,1974-07,100333893746247.0,,132.7,,33.9,12309.29217731,,,89.74776,290.98,47.8,
JP,1974-08,100573995808912.0,,132.7,,33.9,12028.3151985694,,,86.85379,302.2836,48.3,
JP,1974-09,101233579667627.0,,132.7,,33.9,12291.9458447309,,,88.59074,299.084,49.0,
JP,1974-10,101296790616960.0,,133.1,,34.3,12567.980259129,,,89.36039,299.3645,50.1,
JP,1974-11,103145835315968.0,,133.1,,34.3,12846.2742121938,,,88.29785,300.075,50.5,
JP,1974-12,107010562712698.0,,133.1,,34.3,12614.2878217191,,,88.19629,300.4114,50.6,
JP,1975-01,106898674355138.0,,132.0,,33.9,12593.865531749,,,87.94318,299.6845,51.2,
JP,1975-02,106219081991201.0,,132.0,,33.9,13037.0518033426,,,89.06326,291.6583,51.3,
JP,1975-03,107501617221457.0,,132.0,,33.9,13231.1951814042,,,90.47399999999999,287.9486,51.7,
JP,1975-04,109495599152322.0,,132.1,,34.1,13420.0378405577,,,90.57271999999999,292.1968,52.6,
JP,1975-05,110134875871409.0,,132.1,,34.1,13635.5057121347,,,90.2008,291.4305,52.9,
JP,1975-06,111996164581074.0,,132.1,,34.1,13690.6974262388,,,89.04925,293.4662,52.9,
JP,1975-07,113486549358116.0,,134.1,,34.8,13755.6816270219,,,89.55481999999999,296.3741,53.1,
JP,1975-08,114187942033712.0,,134.1,,34.8,13213.1656355212,,,89.91415,297.9762,52.9,
JP,1975-09,115182792785900.0,,134.1,,34.8,12409.0236011957,,,91.40363,299.909,54.1,
JP,1975-10,115738053692013.0,,137.4,,36.1,12315.859001016,,,91.06201999999999,302.3364,54.9,
JP,1975-11,117472621868606.0,,137.4,,36.1,12093.2653067055,,,90.29111999999999,302.5453,54.7,
JP,1975-12,122507597958824.0,,137.4,,36.1,11950.2071378839,,,89.48494000000001,305.67,54.7,
JP,1976-01,122900999016723.0,,137.1,,36.3,12289.209136548,,,90.74707,304.6357,55.7,
JP,1976-02,122460314177826.0,,137.1,,36.3,13088.0406851245,,,91.73613,301.5944,56.1,
JP,1976-03,124347982260049.0,,137.1,,36.3,13328.3239803221,,,92.56838,300.5183,56.3,
JP,1976-04,126118187475793.0,,136.5,,36.5,14089.0264216273,,,94.9569,299.1086,57.6,
JP,1976-05,127210791223643.0,,136.5,,36.5,14365.4745169524,,,94.96967,299.004,57.8,
JP,1976-06,130159706441053.0,,136.5,,36.5,14550.4197353781,,,94.8848,299.1909,57.9,
JP,1976-07,131110757480316.0,,136.8,,36.9,15092.3156955296,,,96.35808,294.641,58.3,
JP,1976-08,131508040785497.0,,136.8,,36.9,15440.2645191411,,,96.25584,290.6259,57.9,
JP,1976-09,132511452390665.0,,136.8,,36.9,15633.4995855914,,,99.36604,287.361,59.4,
JP,1976-10,132936807330039.0,,138.5,,37.9,15724.7775823085,,,98.13723,291.189,59.7,
JP,1976-11,134276381731898.0,,138.5,,37.9,15876.1095801439,,,96.41841,295.1653,59.7,
JP,1976-12,139434494742314.0,,138.5,,37.9,15746.2524332972,,,97.52946999999999,294.7017,60.4,
JP,1977-01,138965240545215.0,,137.1,,37.6,15846.5511137859,,,98.68223,291.0524,60.9,
JP,1977-02,137681510777333.0,,137.1,,37.6,16187.1942130424,,,100.4263,285.0221,61.3,
JP,1977-03,139516221024838.0,,137.1,,37.6,16359.7259410063,,,102.0292,280.2265,61.6,
JP,1977-04,140606336152635.0,,135.7,,37.5,16681.0827401033,,,104.7565,275.2071,62.6,
JP,1977-05,141428576217981.0,,135.7,,37.5,16703.0595004984,,,104.1579,277.4262,63.2,
JP,1977-06,144442494191163.0,,135.7,,37.5,16838.4805966755,,,104.7182,272.8609,63.0,
JP,1977-07,145785652205898.0,,136.1,,38.3,17086.6964823214,,,106.2853,264.8632,62.8,
JP,1977-08,145886192456019.0,,136.1,,38.3,17292.2906133179,,,105.2591,266.6774,62.9,
JP,1977-09,147469950257430.0,,136.1,,38.3,17392.909828553,,,106.7159,266.77,63.9,
JP,1977-10,147058133411143.0,,137.0,,38.8,19094.3270976569,,,111.3222,254.7445,64.3,
JP,1977-11,148777570777816.0,,137.0,,38.8,21665.8238884178,,,113.9373,244.7026,63.6,
JP,1977-12,154309673609721.0,,137.0,,38.8,22340.9676913354,,,113.264,241.0229,63.5,
JP,1978-01,153640632994807.0,,135.6,,38.7,22867.8014025151,,,111.98100000000001,241.081,63.7,
JP,1978-02,152408566979216.0,,135.6,,38.7,23674.5637854237,,,111.8419,240.3722,64.1,
JP,1978-03,154964977041946.0,,135.6,,38.7,28601.1911926123,,,116.07,231.8574,64.6,
JP,1978-04,157404322417406.0,,134.0,,38.8,26929.2501250739,,,122.0031,221.857,65.3,
JP,1978-05,157685038759328.0,,134.0,,38.8,27110.7722921926,,,120.5755,226.1786,65.7,
JP,1978-06,161785985971442.0,,134.0,,38.8,26721.9739724019,,,124.9844,214.1064,65.4,
JP,1978-07,163349337088422.0,,134.1,,40.2,28728.4121777489,,,132.1469,199.6955,65.6,
JP,1978-08,163900118478442.0,,134.1,,40.2,28559.540477778,,,138.4487,188.7096,65.8,
JP,1978-09,165191413651283.0,,134.1,,40.2,28591.3325672359,,,137.2368,189.9195,66.5,
JP,1978-10,164880634779127.0,,136.0,,41.2,28511.452680593,,,138.6452,183.631,66.6,
JP,1978-11,167046928762427.0,,136.0,,41.2,31674.127907048,,,133.5974,192.1425,66.0,
JP,1978-12,173126328916278.0,,136.0,,41.2,32407.2561602846,,,129.6068,195.955,65.9,
JP,1979-01,172493522609328.0,,134.6,,41.3,32504.5902097353,,,127.0789,197.755,66.0,
JP,1979-02,171164002232481.0,,134.6,,41.3,32081.2699544389,,,123.6244,200.5072,65.8,
JP,1979-03,173936125881362.0,,134.6,,41.3,28207.9143154366,,,120.3239,206.3236,66.4,
JP,1979-04,176664051638110.0,,134.0,,41.7,25311.8784627547,,,115.2968,216.2852,67.2,
JP,1979-05,177911348008423.0,,134.0,,41.7,23374.0403558821,,,114.3636,218.4141,67.8,
JP,1979-06,180926062340021.0,,134.0,,41.7,24158.3800750166,,,112.7167,218.5967,67.9,
JP,1979-07,182727026899615.0,,135.7,,42.6,24287.6818478245,,,112.039,216.51,68.5,
JP,1979-08,183341218328572.0,,135.7,,42.6,24383.7143921107,,,109.4009,217.9257,67.8,
JP,1979-09,184043208272981.0,,135.7,,42.6,24541.4377868336,,,107.109,222.4137,68.7,
JP,1979-10,183756519242933.0,,138.5,,44.1,22498.1771175303,,,104.0765,230.4845,69.5,
JP,1979-11,185563157856246.0,,138.5,,44.1,19377.9169433132,,,96.85024,244.9842,69.2,
JP,1979-12,192253364915783.0,,138.5,,44.1,19521.5216150025,,,97.6676,240.3745,69.7,
JP,1980-01,190717289074577.0,295200000000000.0,139.0,,44.4,20209.9857549846,,,98.51979,237.8886,70.3,
JP,1980-02,189611346323246.0,297000000000000.0,139.0,,44.4,19999.7509821809,,,96.06734,244.35,70.9,
JP,1980-03,192378393187220.0,298600000000000.0,139.0,,44.4,17802.1854301526,,,95.70036,248.4786,71.3,
JP,1980-04,195013543188411.0,300700000000000.0,139.0,,44.6,18246.3547657932,,,95.73004,250.275,72.6,
JP,1980-05,196298069314710.0,303100000000000.0,139.0,,44.6,20650.8991887224,,,103.3611,228.6286,73.2,
JP,1980-06,198285381743834.0,304200000000000.0,139.0,,44.6,21942.7519081923,,,106.9566,217.9176,73.5,
JP,1980-07,198783205299136.0,305500000000000.0,139.1,,45.0,22100.1519329063,,,104.9251,221.1364,73.6,
JP,1980-08,198467051007667.0,307100000000000.0,139.1,,45.0,22353.7536902534,,,102.8642,223.9138,73.4,
JP,1980-09,198855673915065.0,308600000000000.0,139.1,,45.0,23074.4729284976,,,107.9691,214.4167,74.6,
JP,1980-10,197777802797926.0,310300000000000.0,140.1,,45.7,24054.9636764167,,,111.0052,209.3227,74.8,
JP,1980-11,200135919614873.0,312800000000000.0,140.1,,45.7,24308.3145099217,,,110.0841,213.1059,74.9,
JP,1980-12,207327235208181.0,314900000000000.0,140.1,,45.7,24636.4589738916,,,111.6538,209.4886,74.7,
JP,1981-01,204892667983222.0,317000000000000.0,139.4,,45.5,25920.8522590319,,,116.3524,202.3667,75.5,
JP,1981-02,203962322262795.0,319400000000000.0,139.4,,45.5,26170.0798600268,,,115.6715,205.7167,75.4,
JP,1981-03,207137900994587.0,321800000000000.0,139.4,,45.5,26502.8201736653,,,113.345,208.7918,75.6,
JP,1981-04,210364148030648.0,325100000000000.0,138.3,,45.2,26926.1739418738,,,111.35700000000001,214.9759,76.2,
JP,1981-05,210942304241245.0,327100000000000.0,138.3,,45.2,27282.4959140412,,,110.9118,220.6285,76.9,
JP,1981-06,214814099318924.0,330600000000000.0,138.3,,45.2,27463.9941471379,,,110.0031,224.1805,77.0,
JP,1981-07,216668021713235.0,333200000000000.0,140.1,,45.9,27147.931772323,,,105.9142,232.3261,76.8,
JP,1981-08,217585924333399.0,336100000000000.0,140.1,,45.9,27292.2320275466,,,105.4345,233.3262,76.5,
JP,1981-09,218978157935570.0,339100000000000.0,140.1,,45.9,27634.4445194324,,,106.2794,229.481,77.6,
JP,1981-10,219064164644584.0,342500000000000.0,143.5,,46.9,28099.5959424927,,,104.5794,231.519,77.9,
JP,1981-11,221047296192020.0,344900000000000.0,143.5,,46.9,28581.2606601958,,,106.8647,223.1267,77.8,
JP,1981-12,229089819388085.0,347400000000000.0,143.5,,46.9,28208.3993801853,,,109.4847,218.9545,77.9,
JP,1982-01,226834532351708.0,350300000000000.0,143.9,,47.0,28053.2194713891,,,106.911,224.805,77.9,
JP,1982-02,225573299709101.0,352700000000000.0,143.9,,47.0,27933.8990347689,,,102.93,235.3056,77.8,
JP,1982-03,228852604124681.0,354800000000000.0,143.9,,47.0,27117.1941267633,,,101.4892,241.2283,77.9,
JP,1982-04,229971089521077.0,356400000000000.0,143.8,,46.8,26845.1569952251,,,100.8421,244.1068,78.5,
JP,1982-05,230760479801730.0,358700000000000.0,143.8,,46.8,26580.8673603641,,,102.5172,236.9635,78.8,
JP,1982-06,233732688502832.0,360800000000000.0,143.8,,46.8,25430.8405916977,,,98.08731,251.1977,78.8,
JP,1982-07,236710969436861.0,364200000000000.0,146.2,,47.6,25613.7652496197,,,96.44575999999999,255.031,78.3,
JP,1982-08,237187490404514.0,366700000000000.0,146.2,,47.6,24415.0236589627,,,95.70279000000001,259.0455,78.9,
JP,1982-09,238359431359637.0,368600000000000.0,146.2,,47.6,24008.5687518,,,96.02938,263.2857,80.1,
JP,1982-10,237296591507616.0,370900000000000.0,149.2,,48.6,22859.6517479084,,,93.6956,271.615,80.3,
JP,1982-11,238774135005186.0,373100000000000.0,149.2,,48.6,22995.8040588633,,,95.51063,264.0879,79.6,
JP,1982-12,247123554826126.0,374800000000000.0,149.2,,48.6,23333.9582409429,,,102.76299999999999,241.9413,79.5,
JP,1983-01,244274184410815.0,376800000000000.0,151.2,,49.5,23663.1506080486,,,106.7833,232.731,79.6,
JP,1983-02,242326590357729.0,378800000000000.0,151.2,,49.5,23929.6918563497,,,105.4035,236.1211,79.3,
JP,1983-03,246193507740105.0,380800000000000.0,151.2,,49.5,24188.6361702888,,,105.885,238.2543,79.7,
JP,1983-04,247407058422506.0,383600000000000.0,151.0,,49.7,24554.5087823592,,,106.6058,237.7467,80.1,
JP,1983-05,248165888448915.0,386000000000000.0,151.0,,49.7,24886.7223121757,,,108.78299999999999,234.7557,80.9,
JP,1983-06,251690670346474.0,388600000000000.0,151.0,,49.7,25072.4685846141,,,106.5155,240.0314,80.4,
JP,1983-07,253444450669871.0,390400000000000.0,152.9,,50.5,25225.7789554289,,,106.0327,240.516,80.1,
JP,1983-08,253579433421519.0,392600000000000.0,152.9,,50.5,24674.6447346043,,,104.8226,244.4613,79.9,
JP,1983-09,255573913076395.0,395200000000000.0,152.9,,50.5,24959.6937757685,,,106.4574,242.3462,80.8,
JP,1983-10,254359167856368.0,397600000000000.0,155.7,,51.4,24984.8986955435,,,111.1075,232.8855,81.5,
JP,1983-11,255083654926052.0,399200000000000.0,155.7,,51.4,24811.8205036989,,,110.2686,235.03,81.1,
JP,1983-12,265781834352541.0,403000000000000.0,155.7,,51.4,24601.5961935168,,,110.8416,234.4624,80.8,
JP,1984-01,262790015325426.0,405300000000000.0,156.6,,51.6,24773.6710072125,,,111.554,233.8,81.1,
JP,1984-02,261301024175614.0,408000000000000.0,156.6,,51.6,25108.2662245264,,,110.6832,233.5963,81.6,
JP,1984-03,266955865748509.0,411500000000000.0,156.6,,51.6,25233.5991085302,,,113.4169,225.2664,81.7,
JP,1984-04,266362877362399.0,412500000000000.0,155.4,,51.3,25425.7644023526,,,114.0669,225.2,81.9,
JP,1984-05,266905695168250.0,415400000000000.0,155.4,,51.3,25485.76673193,,,113.2675,230.4777,82.5,
JP,1984-06,270518673760470.0,418200000000000.0,155.4,,51.3,25309.2917203758,,,111.3159,233.5657,81.9,
JP,1984-07,272929250688123.0,420800000000000.0,158.0,,51.8,25223.2477580179,,,108.6339,243.0676,82.1,
JP,1984-08,273211858381285.0,423500000000000.0,158.0,,51.8,25515.5933471595,,,108.0019,242.2609,81.4,
JP,1984-09,276192030666555.0,426700000000000.0,158.0,,51.8,25594.9110889111,,,109.6477,245.4568,82.7,
JP,1984-10,274007420439668.0,428800000000000.0,159.4,,52.4,25850.5662238126,,,110.0025,246.7545,83.2,
JP,1984-11,275859750117145.0,431600000000000.0,159.4,,52.4,26232.9770076278,,,110.6138,243.6305,82.8,
JP,1984-12,286408910974891.0,433900000000000.0,159.4,,52.4,26429.149250773,,,110.1822,247.964,83.0,
JP,1985-01,283552970602642.0,437300000000000.0,160.4,,52.1,26679.0460723785,,,108.3548,254.1829,83.2,
JP,1985-02,282021573367135.0,440300000000000.0,160.4,,52.1,26383.8958073491,,,106.4523,260.4778,82.9,
JP,1985-03,288098584445736.0,443600000000000.0,160.4,,52.1,26687.6538503258,,,107.6113,257.9205,83.2,
JP,1985-04,288849251798372.0,447300000000000.0,159.0,,51.5,26987.8855596634,,,108.6277,251.8455,83.8,
JP,1985-05,289160627939341.0,450200000000000.0,159.0,,51.5,27431.5024327276,,,108.8071,251.7295,83.9,
JP,1985-06,292707807417372.0,452900000000000.0,159.0,,51.5,27631.0165315657,,,109.4757,248.84,83.9,
JP,1985-07,295441307683038.0,455900000000000.0,160.3,,51.8,28166.8004107969,,6.4167,111.0076,241.1364,84.1,
JP,1985-08,295802655314661.0,458800000000000.0,160.3,,51.8,28530.4595378116,,6.2476,111.6203,237.4609,83.9,
JP,1985-09,298978234046453.0,462100000000000.0,160.3,,51.8,27629.0154778426,,6.4972,112.1784,236.5275,84.0,
JP,1985-10,297678875744642.0,466000000000000.0,162.0,,52.1,26458.4145787342,,6.66,122.3231,214.6805,84.8,
JP,1985-11,300867295755905.0,470000000000000.0,162.0,,52.1,26461.9150815514,,7.4185,127.0901,204.0737,84.1,
JP,1985-12,312909628645151.0,474000000000000.0,162.0,,52.1,26718.6414762742,,8.2425,127.2493,202.7881,84.2,
JP,1986-01,309195014809987.0,476400000000000.0,162.3,,52.5,27172.7467915597,,7.0455,127.9934,199.8905,84.5,
JP,1986-02,307448302167538.0,479500000000000.0,162.3,,52.5,27799.8749494319,,6.0256,136.92700000000002,184.8516,84.4,
JP,1986-03,313896913992378.0,482800000000000.0,162.3,,52.5,28095.5530260776,,5.7552,140.2578,178.6938,84.3,
JP,1986-04,313248479151499.0,485300000000000.0,161.8,,52.2,31290.983712972,,4.9661,143.1008,175.0918,84.6,
JP,1986-05,313536462263974.0,488200000000000.0,161.8,,52.2,32644.4839388189,,4.3984,149.9703,167.0314,84.8,
JP,1986-06,317632631325587.0,492200000000000.0,161.8,,52.2,34034.3430953475,,4.5234,148.3745,167.5419,84.4,
JP,1986-07,321232071824721.0,495800000000000.0,164.5,,53.2,38461.3829461209,,4.6298,156.222,158.6059,84.2,
JP,1986-08,322094328900511.0,499100000000000.0,164.5,,53.2,41307.9638417534,,4.6771,158.8528,154.1771,84.0,
JP,1986-09,325496571146685.0,502900000000000.0,164.5,,53.2,41536.1824976945,,4.7585,158.1284,154.7314,84.4,
JP,1986-10,323097441871273.0,505700000000000.0,168.3,,53.6,41722.5215668126,,4.5365,156.4678,156.4723,84.5,
JP,1986-11,325974983465578.0,508700000000000.0,168.3,,53.6,42033.6519171185,,3.9048,149.6306,162.8494,84.1,
JP,1986-12,338415396018421.0,513900000000000.0,168.3,,53.6,42256.6232554157,,4.315,148.6143,162.0523,83.9,
JP,1987-01,335911147431991.0,517800000000000.0,170.2,,55.0,51477.4720496895,,4.3304,151.2675,154.8295,83.6,
JP,1987-02,334485765410721.0,521600000000000.0,170.2,,55.0,51709.3401683902,,4.2768,150.71200000000002,153.4068,83.6,
JP,1987-03,342088798305515.0,527100000000000.0,170.2,,55.0,58280.9577542651,,3.9922,152.1741,151.4332,83.9,
JP,1987-04,343958448778557.0,532800000000000.0,176.3,,55.5,68502.383102124,,3.7147,160.4917,142.8986,84.7,
JP,1987-05,345512641773745.0,537900000000000.0,176.3,,55.5,68791.7600514635,,3.2955,162.1395,140.479,84.8,
JP,1987-06,349484877556743.0,542600000000000.0,176.3,,55.5,69034.8540756077,,3.3073,157.2476,144.5495,84.7,
JP,1987-07,354470678514724.0,547600000000000.0,180.3,,57.7,69529.3399566611,,3.295,150.8338,150.2939,84.3,
JP,1987-08,357444479932659.0,553100000000000.0,180.3,,57.7,70393.8637045466,,3.3151,152.8093,147.3343,84.3,
JP,1987-09,361519147317018.0,558700000000000.0,180.3,,57.7,71782.3703533085,,3.5142,156.9559,143.291,85.1,
JP,1987-10,360799139763429.0,563400000000000.0,183.7,,59.6,72664.2916308871,,3.5,155.8705,143.32,85.1,
JP,1987-11,366249814947217.0,570000000000000.0,183.7,,59.6,77635.2128147711,,3.5268,160.628,135.3974,84.7,
JP,1987-12,377173363805660.0,573500000000000.0,183.7,,59.6,80972.8790733306,,3.9575,166.75400000000002,128.2418,84.6,
JP,1988-01,376012770957976.0,578800000000000.0,183.1,,59.4,82915.505137735,,3.6994,166.9971,127.6853,84.3,
JP,1988-02,376118387993004.0,584900000000000.0,183.1,,59.4,83294.2357944879,,3.5852,165.3472,129.1665,84.2,
JP,1988-03,382374181536177.0,589200000000000.0,183.1,,59.4,84251.3784803629,,3.7734,166.3175,127.1139,84.5,
JP,1988-04,382971350803975.0,593700000000000.0,183.5,,59.8,86160.8093293654,,3.4946,168.7646,124.8976,84.9,
JP,1988-05,385038697253987.0,599900000000000.0,183.5,,59.8,86534.6051399637,,3.4643,168.3189,124.7871,85.0,
JP,1988-06,388437057252879.0,604400000000000.0,183.5,,59.8,86890.8152031455,,3.5938,165.75799999999998,127.4655,84.8,
JP,1988-07,393961992859034.0,609100000000000.0,186.3,,61.0,88082.399574755,,3.8646,160.2253,133.0215,84.7,
JP,1988-08,396516611115326.0,614400000000000.0,186.3,,61.0,89403.8848110886,,3.98,160.4642,133.7661,84.9,
JP,1988-09,399925124684032.0,618900000000000.0,186.3,,61.0,90284.2497161144,,4.0852,159.8015,134.3176,85.6,
JP,1988-10,400569876367234.0,624400000000000.0,190.0,,61.9,91588.2999502012,,4.1712,165.729,128.6805,86.0,
JP,1988-11,404118150838088.0,628900000000000.0,190.0,,61.9,96201.3918865372,,3.9432,169.0556,123.202,85.7,
JP,1988-12,416454240438331.0,633800000000000.0,190.0,,61.9,96728.1674852983,,4.3625,166.9941,123.6076,85.4,
JP,1989-01,413692469448868.0,635500000000000.0,191.2,,63.0,97262.9438923993,4.8,4.09375,163.0301,127.3625,85.3,
JP,1989-02,415415390883615.0,645100000000000.0,191.2,,63.0,97860.1362723333,4.894,4.17928,160.9826,127.7374,85.0,
JP,1989-03,421914571467922.0,650200000000000.0,191.2,,63.0,98405.0289308014,5.147,4.2542599999999995,158.5771,130.5504,85.4,
JP,1989-04,422168808892485.0,653800000000000.0,192.6,,63.0,99409.2360943756,5.221,4.42031,158.42,132.0365,86.9,
JP,1989-05,421195360272749.0,657100000000000.0,192.6,,63.0,94801.883099117,5.1739999999999995,4.675,152.641,137.8636,87.4,
JP,1989-06,424912263638361.0,662700000000000.0,192.6,,63.0,88534.5542925516,5.225,5.13778,147.1768,143.9809,87.4,
JP,1989-07,432620614933777.0,668500000000000.0,197.2,,64.9,87902.4110982361,5.04,5.2247,147.6075,140.424,87.2,
JP,1989-08,434704884000147.0,673900000000000.0,197.2,,64.9,87413.2681774553,4.883,5.3804300000000005,147.1055,141.4852,87.1,
JP,1989-09,438258633435117.0,678500000000000.0,197.2,,64.9,85129.7066050655,5.096,5.43125,144.3405,145.07,87.9,
JP,1989-10,438835694652890.0,683600000000000.0,201.0,,66.5,83303.941066728,5.156000000000001,6.00893,145.9256,142.2067,88.5,
JP,1989-11,444026557903197.0,690300000000000.0,201.0,,66.5,83736.5374016509,5.371,6.15156,142.4104,143.5343,87.6,
JP,1989-12,460672439710359.0,701600000000000.0,201.0,,66.5,83957.3717770126,5.52,6.44792,141.6597,143.685,87.7,
JP,1990-01,461391551360729.0,708700000000000.0,205.9,,68.3,81767.9186086588,6.449,6.580589999999999,138.9512,144.9819,88.1,
JP,1990-02,464609934357425.0,722300000000000.0,205.9,,68.3,80424.9286024677,6.778,6.643089999999999,137.9798,145.6932,88.2,
JP,1990-03,470929536118743.0,727000000000000.0,205.9,,68.3,73540.6309285324,6.899,6.816960000000001,131.503,153.3082,88.5,
JP,1990-04,477920667115028.0,739800000000000.0,204.3,,67.9,73310.7335660419,6.906000000000001,7.1625,127.2118,158.4586,89.3,
JP,1990-05,476829058815200.0,743500000000000.0,204.3,,67.9,73830.8687597581,6.507999999999999,7.25893,131.0827,154.0441,89.7,
JP,1990-06,478321633577887.0,745600000000000.0,204.3,,67.9,74140.7866977335,6.421,7.36458,130.2279,153.6957,89.4,
JP,1990-07,485413802548304.0,749800000000000.0,206.0,,68.4,75321.2839428618,6.772,7.52415,131.8574,149.0395,89.2,
JP,1990-08,486437521293100.0,753800000000000.0,206.0,,68.4,76079.7751444846,7.62,7.543480000000001,131.1476,147.4609,89.5,
JP,1990-09,490806841291675.0,758600000000000.0,206.0,,68.4,76339.3067817852,8.032,7.763160000000001,139.0716,138.4405,90.2,
JP,1990-10,490598892200088.0,762200000000000.0,207.6,,68.4,77251.998912608,7.6,7.8110800000000005,148.6956,129.5909,91.2,
JP,1990-11,487851555206930.0,758200000000000.0,207.6,,68.4,77731.2300218294,7.08,8.07656,149.1586,129.2155,91.1,
JP,1990-12,499922556999181.0,760800000000000.0,207.6,,68.4,78500.5721500619,6.454,8.22969,144.3967,133.889,91.0,
JP,1991-01,495625008802919.0,762400000000000.0,205.6,,67.6,79073.9592240811,6.432,8.05428,144.8288,133.6986,91.6,
JP,1991-02,490375414119374.0,764200000000000.0,205.6,,67.6,79540.4256491846,6.309,8.12007,146.0733,130.5358,91.3,
JP,1991-03,494774099834569.0,765600000000000.0,205.6,,67.6,72790.9178345921,6.591,8.27813,143.7203,137.3867,91.8,
JP,1991-04,496283895848019.0,768000000000000.0,204.5,,67.4,70810.9563433536,6.64,8.23363,146.3367,137.1127,92.3,
JP,1991-05,494000736267054.0,769800000000000.0,204.5,,67.4,71053.5695897023,6.6370000000000005,8.032739999999999,145.9747,138.2218,92.8,
JP,1991-06,496094860268831.0,771500000000000.0,204.5,,67.4,70720.9056182139,6.735,8.04063,145.1409,139.7475,92.4,
JP,1991-07,501708191659250.0,774300000000000.0,204.6,,67.0,70392.1309463461,6.67,7.4606,146.5221,137.83,92.3,
JP,1991-08,499796234645316.0,774200000000000.0,204.6,,67.0,69765.813557056,6.414,7.484380000000001,146.3525,136.8164,92.5,
JP,1991-09,501817790486363.0,776300000000000.0,204.6,,67.0,69856.123119015,6.081,7.049339999999999,147.3464,134.2995,92.7,
JP,1991-10,500898991962980.0,778000000000000.0,206.3,,67.4,70129.446289236,5.885,6.85795,152.6038,130.7723,93.7,
JP,1991-11,499582113775999.0,777700000000000.0,206.3,,67.4,70874.3928423494,5.9270000000000005,6.38281,151.8727,129.6321,93.8,
JP,1991-12,509873553141107.0,777700000000000.0,206.3,,67.4,72058.8482455764,5.718999999999999,6.30952,151.4755,128.0395,93.4,
JP,1992-01,504647849210066.0,777800000000000.0,204.9,,66.9,71708.8363026619,5.449,5.52632,154.2711,125.4614,93.2,
JP,1992-02,498185102023327.0,776800000000000.0,204.9,,66.9,71160.2198409191,5.577999999999999,5.68257,151.6349,127.6989,93.1,
JP,1992-03,503495219946550.0,779100000000000.0,204.9,,66.9,71160.8559670782,5.531000000000001,5.65327,147.3326,132.8627,93.6,
JP,1992-04,504030770981848.0,777700000000000.0,204.8,,66.7,71071.3144946991,5.71,4.766369999999999,146.6837,133.5395,94.6,
JP,1992-05,499449918278810.0,775700000000000.0,204.8,,66.7,71033.7002527333,5.739,4.74507,148.535,130.771,94.6,
JP,1992-06,500742009810068.0,776600000000000.0,204.8,,66.7,70502.4471254991,5.64,4.75284,151.3007,126.8355,94.6,
JP,1992-07,502587172261793.0,775100000000000.0,205.4,,66.5,71050.1716249783,5.4079999999999995,4.53125,148.8651,125.8817,93.8,
JP,1992-08,501439520238383.0,775400000000000.0,205.4,,66.5,72244.630647864,5.112,4.11905,147.5075,126.231,94.1,
JP,1992-09,499228829273346.0,774100000000000.0,205.4,,66.5,72348.2199835042,5.021,4.22656,152.6969,122.5967,94.6,
JP,1992-10,497882386280141.0,774700000000000.0,208.6,,67.4,71343.1624840075,5.015,4.07386,156.7001,121.1652,94.6,
JP,1992-11,496645542114049.0,775200000000000.0,208.6,,67.4,71424.7666137146,4.868,3.9457199999999997,156.862,123.88,94.5,
JP,1992-12,507645541380505.0,776800000000000.0,208.6,,67.4,71622.7065051494,4.848,3.89489,157.191,124.0409,94.5,
JP,1993-01,503232819848214.0,777300000000000.0,208.5,,67.5,72166.7971395011,4.723,3.8996699999999995,156.2721,124.9932,94.4,
JP,1993-02,498835129581040.0,779000000000000.0,208.5,,67.5,72142.5561931498,4.409,3.27632,162.325,120.7595,94.5,
JP,1993-03,501507310248613.0,777700000000000.0,208.5,,67.5,73031.8976168845,4.3180000000000005,3.24185,167.1489,117.0174,94.7,
JP,1993-04,506642328864941.0,780800000000000.0,209.2,,67.3,79971.5180037264,4.593,3.17857,172.3504,112.4114,95.4,
JP,1993-05,506906023045704.0,784100000000000.0,209.2,,67.3,82512.4974451788,4.9430000000000005,3.2066,175.3697,110.343,95.4,
JP,1993-06,507844730529507.0,785800000000000.0,209.2,,67.3,89418.6275173625,4.836,3.21429,180.9278,107.4118,95.4,
JP,1993-07,510558620469159.0,785700000000000.0,211.3,,68.2,89531.0639426132,4.5169999999999995,3.26278,182.3748,107.6914,95.6,
JP,1993-08,509934872739201.0,787400000000000.0,211.3,,68.2,98357.7020729436,4.407,3.12926,189.3965,103.765,95.9,
JP,1993-09,508656219756226.0,787400000000000.0,211.3,,68.2,98797.0190931025,4.016,2.8578099999999997,184.1949,105.5748,96.0,
JP,1993-10,507002780593345.0,788800000000000.0,213.6,,68.7,98199.2257229711,3.931,2.5078099999999997,180.7722,107.02,95.9,
JP,1993-11,504284411137598.0,788100000000000.0,213.6,,68.7,98374.5156288165,3.762,2.49531,179.3068,107.8765,95.4,
JP,1993-12,514537028029888.0,789000000000000.0,213.6,,68.7,98524.3312391741,3.3960000000000004,2.44196,175.2322,109.913,95.4,
JP,1994-01,511115772726513.0,789900000000000.0,212.6,,68.9,98926.4105130032,3.597,2.33125,178.0952,111.4415,95.5,446223.0
JP,1994-02,506435574310979.0,791000000000000.0,212.6,,68.9,101422.07791281,4.041,2.2401299999999997,185.4292,106.3011,95.5,446223.0
JP,1994-03,511280618918791.0,793000000000000.0,212.6,,68.9,104756.142033801,4.453,2.25,186.6424,105.0974,96.0,446223.0
JP,1994-04,517562990924124.0,796700000000000.0,211.3,,68.8,107599.063886824,4.093,2.175,188.9704,103.4843,96.2,443814.6
JP,1994-05,515437012585674.0,797400000000000.0,211.3,,68.8,109933.313089079,3.984,2.0904599999999998,186.2415,103.7533,96.3,443814.6
JP,1994-06,515365937596975.0,797900000000000.0,211.3,,68.8,114559.126436782,4.2780000000000005,2.0625,186.4625,102.5264,95.9,443814.6
JP,1994-07,520572628470815.0,801900000000000.0,212.6,,69.3,116799.159717812,4.531000000000001,2.08185,190.8359,98.445,95.4,448905.0
JP,1994-08,519719728606422.0,803300000000000.0,212.6,,69.3,118936.479551212,4.7780000000000005,2.13043,187.308,99.9404,95.9,448905.0
JP,1994-09,520533009639579.0,806600000000000.0,212.6,,69.3,120674.377485378,4.6419999999999995,2.18906,187.72299999999998,98.7743,96.2,448905.0
JP,1994-10,519242013101144.0,808100000000000.0,214.2,,69.5,123728.029876338,4.684,2.2375,187.8801,98.353,96.6,447190.2
JP,1994-11,517931505781498.0,809200000000000.0,214.2,,69.5,125176.843224117,4.718,2.2671900000000003,188.0192,98.044,96.3,447190.2
JP,1994-12,529485173237234.0,811500000000000.0,214.2,,69.5,125860.194539294,4.561,2.29315,184.1329,100.1824,96.1,447190.2
JP,1995-01,526962110683208.0,813900000000000.0,213.3,,69.6,126914.440146253,4.605,2.25,182.3649,99.766,96.1,452020.0
JP,1995-02,524437754046754.0,817600000000000.0,213.3,,69.6,127622.364672795,4.515,2.21719,183.4288,98.2368,95.8,452020.0
JP,1995-03,529310273019945.0,819400000000000.0,213.3,,69.6,143547.197927346,4.113,2.18892,195.2258,90.5196,95.7,452020.0
JP,1995-04,533503597808407.0,820400000000000.0,211.2,,69.4,155411.75993173,3.545,1.525,209.5685,83.6895,96.0,456344.5
JP,1995-05,531274391510180.0,821600000000000.0,211.2,,69.4,156026.118683359,3.386,1.31325,205.1753,85.1127,96.2,456344.5
JP,1995-06,531476069279234.0,823000000000000.0,211.2,,69.4,158272.693332936,3.0239999999999996,1.27909,206.0405,84.6355,96.1,456344.5
JP,1995-07,534689176401418.0,823700000000000.0,211.7,,69.7,159598.458003231,2.9330000000000003,0.9466700000000001,197.9654,87.397,95.6,461687.9
JP,1995-08,533552573851040.0,825900000000000.0,211.7,,69.7,167535.327218591,3.215,0.88174,184.0831,94.7383,95.7,461687.9
JP,1995-09,533959214367619.0,828900000000000.0,211.7,,69.7,180735.175082471,3.03,0.5735,173.9097,100.5455,96.3,461687.9
JP,1995-10,531861606297768.0,829900000000000.0,212.5,,70.1,181745.99390222,2.925,0.46667,171.3169,100.839,96.0,462875.0
JP,1995-11,535089346505860.0,835100000000000.0,212.5,,70.1,182089.352602247,3.048,0.4605,168.9361,101.94,95.7,462875.0
JP,1995-12,546293512161424.0,837200000000000.0,212.5,,70.1,183249.772502408,2.983,0.45905,169.5229,101.8495,95.7,462875.0
JP,1996-01,543346189660847.0,838800000000000.0,210.8,,69.8,183150.706522291,3.12,0.46631999999999996,162.5353,105.7514,95.6,466647.5
JP,1996-02,538994887271452.0,840300000000000.0,210.8,,69.8,200177.145053034,3.2710000000000004,0.45799999999999996,161.3581,105.788,95.4,466647.5
JP,1996-03,545260436205230.0,844200000000000.0,210.8,,69.8,202712.388801298,3.299,0.4555,160.9199,105.94,95.6,466647.5
JP,1996-04,548484592800447.0,844500000000000.0,208.8,,69.5,204495.174872286,3.301,0.48571000000000003,158.6487,107.1995,96.2,472558.4
JP,1996-05,548389328424837.0,848000000000000.0,208.8,,69.5,207156.022110148,3.388,0.46857,160.4965,106.3423,96.4,472558.4
JP,1996-06,551281403560248.0,851800000000000.0,208.8,,69.5,208977.508836855,3.252,0.4715,156.826,108.96,96.1,472558.4
JP,1996-07,554255901791798.0,853500000000000.0,207.7,,69.7,210990.496800725,3.2939999999999996,0.48217,155.8738,109.1909,96.0,473154.7
JP,1996-08,553332026483508.0,855300000000000.0,207.7,,69.7,212792.428305927,3.2089999999999996,0.44409,156.7767,107.8659,95.9,473154.7
JP,1996-09,552156900094718.0,857200000000000.0,207.7,,69.7,213810.446574719,2.928,0.46789,154.4056,109.931,96.3,473154.7
JP,1996-10,551236807488908.0,860500000000000.0,208.5,,69.5,214989.451812343,2.8,0.475,151.2207,112.4123,96.5,478473.3
JP,1996-11,551816556416338.0,861500000000000.0,208.5,,69.5,215859.162637871,2.759,0.47700000000000004,150.1016,112.2958,96.2,478473.3
JP,1996-12,562119443433688.0,861900000000000.0,208.5,,69.5,216648.011850188,2.597,0.486,149.1414,113.981,96.3,478473.3
JP,1997-01,559727481384027.0,863600000000000.0,205.0,,68.9,215953.510639158,2.6319999999999997,0.48421000000000003,144.0078,117.9124,96.2,479556.3
JP,1997-02,554530247266386.0,864200000000000.0,205.0,,68.9,217084.435977691,2.583,0.49526000000000003,138.468,122.9621,96.0,479556.3
JP,1997-03,559861866866862.0,866900000000000.0,205.0,,68.9,218180.820503468,2.524,0.51,139.4939,122.7738,96.1,479556.3
JP,1997-04,566019708324768.0,872100000000000.0,203.9,,68.8,218737.250773571,2.3819999999999997,0.49618999999999996,139.1096,125.6377,98.0,476093.7
JP,1997-05,565286063133291.0,873500000000000.0,203.9,,68.8,220580.853424579,2.736,0.48618999999999996,147.3495,119.1924,98.2,476093.7
JP,1997-06,567068910538902.0,876800000000000.0,203.9,,68.8,221127.805814636,2.6839999999999997,0.49571000000000004,152.8969,114.2857,98.2,476093.7
JP,1997-07,571053688966965.0,879800000000000.0,203.3,,69.0,221092.656028248,2.505,0.49273,153.6885,115.3759,97.8,477001.4
JP,1997-08,571090520543742.0,882700000000000.0,203.3,,69.0,222728.288349883,2.354,0.48476,152.3508,117.9295,97.9,477001.4
JP,1997-09,568406792679126.0,884400000000000.0,203.3,,69.0,224411.806665511,2.21,0.498,150.7412,120.89,98.6,477001.4
JP,1997-10,567112710251826.0,887000000000000.0,206.2,90.1,69.3,226976.583132017,1.994,0.48,152.7439,121.0605,98.9,477207.0
JP,1997-11,569261882529165.0,889200000000000.0,206.2,90.1,69.3,227213.635697078,1.9409999999999998,0.49111000000000005,148.4101,125.3817,98.2,477207.0
JP,1997-12,583361408298609.0,894700000000000.0,206.2,90.1,69.3,219648.288039431,1.939,0.39429000000000003,150.9277,129.7341,98.0,477207.0
JP,1998-01,584655490725909.0,899800000000000.0,203.2,92.8,68.6,220387.354003458,1.9480000000000002,0.43526000000000004,158.9705,129.5475,97.9,471282.1
JP,1998-02,582274379059677.0,904200000000000.0,203.2,92.8,68.6,221996.869996705,2.0,0.43368,158.5341,125.8516,97.8,471282.1
JP,1998-03,585137287568073.0,905400000000000.0,203.2,92.8,68.6,222460.420886841,1.855,0.43091,154.1242,129.0823,98.2,471282.1
JP,1998-04,589284622657965.0,907500000000000.0,202.8,95.7,69.3,204616.428881737,1.867,0.44333,148.3139,131.7536,98.4,469326.3
JP,1998-05,589986114878364.0,911300000000000.0,202.8,95.7,69.3,205829.778640572,1.655,0.42788999999999994,146.9471,134.896,98.7,469326.3
JP,1998-06,589123658712970.0,912000000000000.0,202.8,95.7,69.3,204744.818772902,1.54,0.43682,143.9,140.3305,98.3,469326.3
JP,1998-07,594080790767945.0,916500000000000.0,203.8,98.4,69.3,206611.152396602,1.683,0.41318,142.7037,140.7874,97.7,470140.8
JP,1998-08,595669426264659.0,920600000000000.0,203.8,98.4,69.3,208444.345166798,1.5019999999999998,0.42713999999999996,137.931,144.68,97.6,470140.8
JP,1998-09,592849322021166.0,923800000000000.0,203.8,98.4,69.3,211163.116966964,1.103,0.3215,147.5385,134.4805,98.4,470140.8
JP,1998-10,591723768943822.0,925400000000000.0,199.3,98.9,69.8,213040.734547237,0.879,0.23545,160.4016,121.0486,99.1,473925.3
JP,1998-11,596584143451156.0,931200000000000.0,199.3,98.9,69.8,213758.886687066,0.977,0.20158,160.0739,120.2895,99.0,473925.3
JP,1998-12,608815910098798.0,934300000000000.0,199.3,98.9,69.8,215470.62442359,1.4880000000000002,0.25095,162.9293,117.0709,98.6,473925.3
JP,1999-01,608221428540657.0,936600000000000.0,195.9,103.6,69.5,221738.350510951,1.91,0.22526,168.8,113.29,98.1,467341.3
JP,1999-02,604904794824289.0,938800000000000.0,195.9,103.6,69.5,221007.004226422,2.117,0.17632,164.3216,116.6684,97.7,467341.3
JP,1999-03,609228722393107.0,942700000000000.0,195.9,103.6,69.5,221371.314374246,1.8159999999999998,0.04091,161.7878,119.473,97.8,467341.3
JP,1999-04,612500162769321.0,943800000000000.0,193.9,108.1,69.7,221918.809678557,1.5630000000000002,0.03143,161.7802,119.7723,98.3,469195.4
JP,1999-05,614097458663818.0,947200000000000.0,193.9,108.1,69.7,222496.783786178,1.334,0.03,157.9024,121.9995,98.3,469195.4
JP,1999-06,614642167820909.0,950800000000000.0,193.9,108.1,69.7,245244.551964134,1.632,0.03,159.469,120.7245,98.0,469195.4
JP,1999-07,617613978342802.0,952500000000000.0,193.5,110.2,70.2,259537.197148532,1.703,0.03,159.8888,119.3305,97.6,471676.9
JP,1999-08,616368573323729.0,953600000000000.0,193.5,110.2,70.2,260177.30366135,1.8780000000000001,0.03,169.4443,113.2268,97.9,471676.9
JP,1999-09,612314611258207.0,953800000000000.0,193.5,110.2,70.2,271194.424093941,1.7590000000000001,0.0325,179.7633,106.8752,98.2,471676.9
JP,1999-10,612898242432919.0,956900000000000.0,196.3,112.8,71.0,271587.279040676,1.692,0.0245,181.0777,105.965,98.4,471828.1
JP,1999-11,613829185422158.0,957700000000000.0,196.3,112.8,71.0,270797.140605868,1.817,0.0275,182.3357,104.6485,97.8,471828.1
JP,1999-12,624901354670137.0,960900000000000.0,196.3,112.8,71.0,286916.156869904,1.767,0.02429,185.8075,102.5843,97.5,471828.1
JP,2000-01,623999677852715.0,961200000000000.0,193.6,115.3,71.1,292006.29126475,1.6909999999999998,0.02053,179.3987,105.296,97.4,479990.3
JP,2000-02,617576250862806.0,963000000000000.0,193.6,115.3,71.1,293331.623876679,1.796,0.0345,172.7156,109.3885,97.1,479990.3
JP,2000-03,621012139252090.0,963800000000000.0,193.6,115.3,71.1,304369.980293888,1.819,0.02136,178.0982,106.3074,97.3,479990.3
JP,2000-04,630214060758214.0,966100000000000.0,189.7,117.8,70.2,331917.958232524,1.74,0.02,181.3643,105.627,97.5,482123.9
JP,2000-05,627594539290952.0,966300000000000.0,189.7,117.8,70.2,334540.94201569,1.705,0.021,179.8724,108.3205,97.6,482123.9
JP,2000-06,626410055690765.0,967300000000000.0,189.7,117.8,70.2,337865.755708511,1.6640000000000001,0.020909999999999998,181.2386,106.1255,97.4,482123.9
JP,2000-07,629784325847548.0,967500000000000.0,189.1,117.6,70.3,338087.119711484,1.689,0.021,178.5995,108.2115,97.1,482261.0
JP,2000-08,627351948608235.0,969200000000000.0,189.1,117.6,70.3,338052.998935285,1.75,0.15522,179.0646,108.0804,97.4,482261.0
JP,2000-09,624273824237699.0,971400000000000.0,189.1,117.6,70.3,342230.087380481,1.876,0.2495,182.1875,106.8375,97.3,482261.0
JP,2000-10,626031785442785.0,973400000000000.0,187.5,120.0,69.8,342562.064107895,1.815,0.24761999999999998,181.2936,108.4429,97.3,486917.4
JP,2000-11,625523907862470.0,973800000000000.0,187.5,120.0,69.8,347951.229038577,1.764,0.2475,180.7835,109.0095,97.0,486917.4
JP,2000-12,637261633657290.0,973300000000000.0,187.5,120.0,69.8,354902.072398679,1.624,0.24143,174.1591,112.209,97.1,486917.4
JP,2001-01,637542748178420.0,975000000000000.0,184.9,125.9,68.6,357727.211417692,1.508,0.24895,165.8721,116.6719,97.1,490540.7
JP,2001-02,633441303242296.0,976800000000000.0,184.9,125.9,68.6,357142.314946576,1.415,0.24841999999999997,166.4807,116.2337,96.8,490540.7
JP,2001-03,636342536499500.0,977600000000000.0,184.9,125.9,68.6,355146.059478771,1.169,0.10667,161.5588,121.505,96.7,490540.7
JP,2001-04,644871833777835.0,979300000000000.0,182.3,127.8,68.2,356149.721771248,1.315,0.02,159.3826,123.771,96.8,486847.7
JP,2001-05,644219118510465.0,981200000000000.0,182.3,127.8,68.2,355322.923168674,1.25,0.01857,161.7995,121.7682,96.9,486847.7
JP,2001-06,644368734348021.0,983100000000000.0,182.3,127.8,68.2,356008.833210222,1.1520000000000001,0.01762,162.1513,122.351,96.7,486847.7
JP,2001-07,648409855134073.0,984600000000000.0,182.1,126.0,68.5,361135.681034732,1.305,0.01286,158.6506,124.4981,96.4,481600.1
JP,2001-08,645856132781000.0,985800000000000.0,182.1,126.0,68.5,365501.605588842,1.3430000000000002,0.01,159.85299999999998,121.367,96.7,481600.1
JP,2001-09,644189155525033.0,987900000000000.0,182.1,126.0,68.5,389804.605589141,1.3459999999999999,0.00505,163.2244,118.6117,96.6,481600.1
JP,2001-10,644154314844298.0,988900000000000.0,182.8,127.0,68.5,398842.32672355,1.3630000000000002,0.00314,160.9633,121.4536,96.6,479889.3
JP,2001-11,644598881930477.0,990600000000000.0,182.8,127.0,68.5,397101.933039688,1.328,0.00243,159.3891,122.4055,96.1,479889.3
JP,2001-12,658305305276428.0,992600000000000.0,182.8,127.0,68.5,395155.049518924,1.334,0.0018399999999999998,153.1387,127.5945,96.0,479889.3
JP,2002-01,659772197480173.0,995200000000000.0,182.1,129.6,68.5,393931.076511101,1.42,0.0011099999999999999,146.2543,132.6833,95.8,480738.4
JP,2002-02,655717140421828.0,996500000000000.0,182.1,129.6,68.5,396182.823603544,1.501,0.001,144.3461,133.6426,95.3,480738.4
JP,2002-03,659817888544337.0,998500000000000.0,182.1,129.6,68.5,394102.476059907,1.421,0.00205,146.3565,131.061,95.5,480738.4
JP,2002-04,667679439290185.0,999900000000000.0,180.8,133.2,68.1,399118.383482542,1.3940000000000001,0.00148,146.0816,130.7718,95.8,484571.3
JP,2002-05,666591514148034.0,1001300000000000.0,180.8,133.2,68.1,411647.806212716,1.365,0.0013800000000000002,149.6111,126.375,96.1,484571.3
JP,2002-06,666141671187344.0,1002100000000000.0,180.8,133.2,68.1,438362.290666656,1.328,0.0014,151.4916,123.2905,96.0,484571.3
JP,2002-07,669648734110129.0,1003500000000000.0,178.4,132.6,67.8,445595.733084442,1.296,0.0017800000000000001,156.6071,117.8991,95.6,486182.1
JP,2002-08,667867678510956.0,1004800000000000.0,178.4,132.6,67.8,448371.957839498,1.255,0.00186,156.6029,118.9927,95.9,486182.1
JP,2002-09,665052750597172.0,1005800000000000.0,178.4,132.6,67.8,452760.22718056,1.129,0.00526,153.9438,121.078,95.9,486182.1
JP,2002-10,665521208435855.0,1007100000000000.0,179.0,132.8,67.4,453177.263260287,1.095,0.0019100000000000002,150.1892,123.9077,95.7,487499.4
JP,2002-11,665477906446941.0,1007900000000000.0,179.0,132.8,67.4,452621.165818154,0.9790000000000001,0.00195,151.8489,121.6079,95.7,487499.4
JP,2002-12,672578437180734.0,1006700000000000.0,179.0,132.8,67.4,461185.643035435,0.975,0.00195,150.2667,121.8929,95.7,487499.4
JP,2003-01,672586699399308.0,1007300000000000.0,176.6,137.5,67.2,469550.449588276,0.836,0.002,151.0542,118.8133,95.4,487801.2
JP,2003-02,668438567950999.0,1008000000000000.0,176.6,137.5,67.2,476716.041953402,0.828,0.001,148.8852,119.3379,95.1,487801.2
JP,2003-03,671015285153358.0,1008000000000000.0,176.6,137.5,67.2,487942.578595823,0.7240000000000001,0.002,150.2692,118.6871,95.4,487801.2
JP,2003-04,672661700000000.0,1008500000000000.0,173.4,139.6,66.6,491156.778306894,0.6629999999999999,0.001,148.3936,119.895,95.7,491095.9
JP,2003-05,674617500000000.0,1010600000000000.0,173.4,139.6,66.6,534196.071349764,0.5770000000000001,0.001,149.351,117.3681,95.9,491095.9
JP,2003-06,676603400000000.0,1012300000000000.0,173.4,139.6,66.6,537104.117398942,0.529,0.001,147.2932,118.329,95.6,491095.9
JP,2003-07,677501200000000.0,1013500000000000.0,171.1,137.8,66.7,548107.798685445,0.956,0.002,147.3869,118.6959,95.4,492630.0
JP,2003-08,680225400000000.0,1016300000000000.0,171.1,137.8,66.7,545879.488738094,1.406,0.001,147.9483,118.6624,95.6,492630.0
JP,2003-09,678953100000000.0,1014800000000000.0,171.1,137.8,66.7,595325.984634016,1.42,0.002,151.3757,114.8,95.7,492630.0
JP,2003-10,679560900000000.0,1015300000000000.0,171.0,139.8,66.5,616766.445298898,1.4369999999999998,0.001,156.6886,109.4955,95.7,497988.0
JP,2003-11,680038400000000.0,1015700000000000.0,171.0,139.8,66.5,634839.407869193,1.3330000000000002,0.001,155.8904,109.1778,95.2,497988.0
JP,2003-12,680286900000000.0,1016200000000000.0,171.0,139.8,66.5,663289.093568572,1.33,0.001,156.067,107.7377,95.3,497988.0
JP,2004-01,681748900000000.0,1017500000000000.0,168.0,144.8,66.0,731410.932785445,1.33,0.0,155.685,106.2685,95.1,501782.0
JP,2004-02,683371800000000.0,1019300000000000.0,168.0,144.8,66.0,767118.550030933,1.2109999999999999,0.001,154.6133,106.7079,95.1,501782.0
JP,2004-03,684407000000000.0,1020200000000000.0,168.0,144.8,66.0,816150.961551103,1.4180000000000001,0.001,152.9827,108.5157,95.3,501782.0
JP,2004-04,685286300000000.0,1020500000000000.0,165.5,146.4,65.4,805409.094594104,1.52,0.0,154.0344,107.6564,95.3,501644.3
JP,2004-05,688090100000000.0,1023200000000000.0,165.5,146.4,65.4,807172.244609801,1.505,0.001,149.1541,112.196,95.4,501644.3
JP,2004-06,688499700000000.0,1023100000000000.0,165.5,146.4,65.4,808214.136867417,1.807,0.001,152.9663,109.4336,95.6,501644.3
JP,2004-07,690143000000000.0,1025100000000000.0,163.8,145.1,65.1,809574.067370179,1.808,0.0,151.4088,109.4871,95.3,504780.9
JP,2004-08,692884700000000.0,1027600000000000.0,163.8,145.1,65.1,817934.90405178,1.588,0.001,150.6338,110.2336,95.4,504780.9
JP,2004-09,692115600000000.0,1026000000000000.0,163.8,145.1,65.1,820765.264511457,1.393,0.001,150.578,110.0914,95.7,504780.9
JP,2004-10,692879000000000.0,1026200000000000.0,164.0,146.1,64.7,827407.160633084,1.483,0.001,151.5099,108.7835,96.2,503840.4
JP,2004-11,693373500000000.0,1026200000000000.0,164.0,146.1,64.7,828932.042825635,1.452,0.001,154.5841,104.699,96.0,503840.4
JP,2004-12,694130000000000.0,1026300000000000.0,164.0,146.1,64.7,833891.294560437,1.3969999999999998,0.001,153.4663,103.8104,95.5,503840.4
JP,2005-01,695107800000000.0,1026700000000000.0,164.9,147.7,62.0,830580.084779703,1.31,0.001,153.8268,103.341,95.3,506394.4
JP,2005-02,695743600000000.0,1026800000000000.0,164.9,147.7,62.0,829850.746186112,1.419,0.001,149.58,104.9442,95.0,506394.4
JP,2005-03,698297300000000.0,1028800000000000.0,164.9,147.7,62.0,827199.609682878,1.325,0.002,148.8973,105.2543,95.3,506394.4
JP,2005-04,697485300000000.0,1026600000000000.0,162.7,150.0,61.6,832881.801110587,1.2570000000000001,0.001,146.8748,107.1938,95.4,510290.5
JP,2005-05,698359000000000.0,1026600000000000.0,162.7,150.0,61.6,832272.407462636,1.238,0.001,148.2299,106.5952,95.5,510290.5
JP,2005-06,699617800000000.0,1026300000000000.0,162.7,150.0,61.6,832782.850046029,1.143,0.001,146.4391,108.7473,95.1,510290.5
JP,2005-07,701717600000000.0,1028300000000000.0,163.6,147.2,61.6,828823.390660797,1.295,0.001,142.2527,111.9535,95.0,515502.9
JP,2005-08,704035800000000.0,1029900000000000.0,163.6,147.2,61.6,837106.647595356,1.365,0.001,142.1793,110.6065,95.1,515502.9
JP,2005-09,705667400000000.0,1030900000000000.0,163.6,147.2,61.6,831920.663454653,1.45,0.001,141.4943,111.239,95.4,515502.9
JP,2005-10,706154500000000.0,1030400000000000.0,163.9,147.5,62.1,830211.721125987,1.5130000000000001,0.001,136.7239,114.8695,95.4,516434.5
JP,2005-11,707182300000000.0,1030900000000000.0,163.9,147.5,62.1,831075.504003247,1.454,0.001,132.7908,118.454,95.0,516434.5
JP,2005-12,707261900000000.0,1030000000000000.0,163.9,147.5,62.1,834274.85430209,1.4880000000000002,0.001,132.1647,118.4624,95.1,516434.5
JP,2006-01,707243400000000.0,1029000000000000.0,163.0,145.8,61.9,837674.640821506,1.547,0.001,133.063,115.4765,95.2,517247.4
JP,2006-02,707490600000000.0,1028000000000000.0,163.0,145.8,61.9,836381.133415895,1.598,0.001,129.5247,117.8605,94.9,517247.4
JP,2006-03,707797200000000.0,1027700000000000.0,163.0,145.8,61.9,837712.249479495,1.7590000000000001,0.002,130.3344,117.2778,95.1,517247.4
JP,2006-04,708557400000000.0,1027700000000000.0,162.1,144.0,61.6,844397.753761873,1.956,0.002,128.998,117.0695,95.3,517976.5
JP,2006-05,707651800000000.0,1025700000000000.0,162.1,144.0,61.6,848046.866145297,1.849,0.02,133.9843,111.7305,95.6,517976.5
JP,2006-06,707099000000000.0,1024000000000000.0,162.1,144.0,61.6,849784.536599582,1.901,0.036000000000000004,131.9495,114.625,95.6,517976.5
JP,2006-07,705529200000000.0,1021900000000000.0,162.8,145.1,61.5,856377.064064364,1.9269999999999998,0.155,129.7094,115.767,95.3,516991.9
JP,2006-08,707131300000000.0,1022500000000000.0,162.8,145.1,61.5,863407.761938714,1.6680000000000001,0.25,129.6817,115.9243,96.0,516991.9
JP,2006-09,709291100000000.0,1024000000000000.0,162.8,145.1,61.5,866530.831231222,1.6280000000000001,0.261,128.178,117.2145,96.0,516991.9
JP,2006-10,710049000000000.0,1023400000000000.0,163.0,144.8,61.1,870700.305845561,1.7180000000000002,0.254,126.3538,118.609,95.8,523977.7
JP,2006-11,711328100000000.0,1024200000000000.0,163.0,144.8,61.1,881038.995915567,1.69,0.257,125.8088,117.3205,95.3,523977.7
JP,2006-12,712334200000000.0,1024500000000000.0,163.0,144.8,61.1,879681.506789366,1.645,0.255,123.9899,117.322,95.4,523977.7
JP,2007-01,713575300000000.0,1024800000000000.0,162.1,143.7,60.9,879377.499098457,1.705,0.267,120.5298,120.4471,95.2,527462.8
JP,2007-02,714411600000000.0,1024600000000000.0,162.1,143.7,60.9,888708.065273099,1.64,0.35700000000000004,118.8178,120.5047,94.7,527462.8
JP,2007-03,715456000000000.0,1025300000000000.0,162.1,143.7,60.9,892676.808774182,1.629,0.509,121.7905,117.26,95.0,527462.8
JP,2007-04,716682600000000.0,1025900000000000.0,159.1,142.5,60.8,898967.406892967,1.653,0.511,118.9349,118.9324,95.3,527593.3
JP,2007-05,717963100000000.0,1026100000000000.0,159.1,142.5,60.8,894921.259869501,1.733,0.521,116.5656,120.7732,95.6,527593.3
JP,2007-06,719417400000000.0,1026900000000000.0,159.1,142.5,60.8,897568.24240927,1.903,0.51,114.0186,122.6886,95.4,527593.3
JP,2007-07,720070200000000.0,1026800000000000.0,159.7,142.6,60.2,907345.841882671,1.8090000000000002,0.499,113.2266,121.4148,95.3,524789.3
JP,2007-08,719520100000000.0,1025400000000000.0,159.7,142.6,60.2,915623.403024488,1.577,0.485,119.1859,116.7335,95.8,524789.3
JP,2007-09,721534500000000.0,1026500000000000.0,159.7,142.6,60.2,927322.769089593,1.6980000000000002,0.51,119.5308,115.0435,95.8,524789.3
JP,2007-10,723464900000000.0,1029300000000000.0,160.8,143.6,60.0,935060.818959758,1.6159999999999999,0.506,116.3771,115.8661,96.0,527013.9
JP,2007-11,725696600000000.0,1030500000000000.0,160.8,143.6,60.0,950908.286076392,1.4969999999999999,0.5,119.9835,111.0729,95.9,527013.9
JP,2007-12,727525700000000.0,1031800000000000.0,160.8,143.6,60.0,952784.455942681,1.526,0.49700000000000005,118.1287,112.449,96.0,527013.9
JP,2008-01,729024400000000.0,1032500000000000.0,158.9,144.8,59.8,973328.539537852,1.429,0.502,121.6119,107.8181,95.9,529132.9
JP,2008-02,730985500000000.0,1033300000000000.0,158.9,144.8,59.8,984078.620999382,1.429,0.504,120.1205,107.03,95.7,529132.9
JP,2008-03,731609700000000.0,1033200000000000.0,158.9,144.8,59.8,992619.749241886,1.245,0.511,126.3076,100.7562,96.1,529132.9
JP,2008-04,730188400000000.0,1031000000000000.0,161.1,144.3,59.8,982406.984379237,1.6,0.506,122.4818,102.6777,96.0,525832.8
JP,2008-05,732646700000000.0,1032900000000000.0,161.1,144.3,59.8,975183.726395493,1.778,0.505,121.4463,104.3595,96.8,525832.8
JP,2008-06,734927500000000.0,1035500000000000.0,161.1,144.3,59.8,978663.093325209,1.601,0.509,118.5025,106.9152,97.3,525832.8
JP,2008-07,735428000000000.0,1034600000000000.0,161.7,144.5,59.9,982072.849891725,1.537,0.503,117.3527,106.8518,97.5,519371.0
JP,2008-08,736688200000000.0,1035700000000000.0,161.7,144.5,59.9,976248.335104153,1.431,0.504,117.3695,109.3624,97.8,519371.0
JP,2008-09,737224500000000.0,1036000000000000.0,161.7,144.5,59.9,974129.797813348,1.4809999999999999,0.495,123.0033,106.5748,97.8,519371.0
JP,2008-10,736450000000000.0,1034800000000000.0,165.9,148.4,60.3,959744.211622407,1.486,0.48700000000000004,137.3429,99.9659,97.7,506402.8
JP,2008-11,738787600000000.0,1037100000000000.0,165.9,148.4,60.3,982799.405417993,1.3769999999999998,0.301,145.1989,96.9656,96.8,506402.8
JP,2008-12,741264400000000.0,1039700000000000.0,165.9,148.4,60.3,1009364.78280659,1.214,0.21100000000000002,152.8216,91.275,96.4,506402.8
JP,2009-01,743714400000000.0,1042339200000000.0,167.5,153.0,61.3,988335.157315792,1.272,0.12,153.8658,90.1205,95.9,482122.0
JP,2009-02,746696000000000.0,1045579500000000.0,167.5,153.0,61.3,985931.859548287,1.2770000000000001,0.111,151.4179,92.9158,95.6,482122.0
JP,2009-03,748123200000000.0,1046817700000000.0,167.5,153.0,61.3,996002.167186703,1.3230000000000002,0.1,143.6642,97.855,95.9,482122.0
JP,2009-04,749685900000000.0,1048397600000000.0,169.3,159.5,62.2,989743.632060776,1.402,0.10400000000000001,138.8503,98.92,96.0,491593.3
JP,2009-05,751977800000000.0,1050983800000000.0,169.3,159.5,62.2,1000012.07442405,1.4809999999999999,0.102,138.4207,96.6445,95.8,491593.3
JP,2009-06,753107500000000.0,1052317800000000.0,169.3,159.5,62.2,996184.146017919,1.3630000000000002,0.10400000000000001,136.3611,96.6145,95.6,491593.3
JP,2009-07,755356100000000.0,1054316200000000.0,171.1,163.5,63.0,1001555.94680775,1.386,0.102,138.8369,94.367,95.3,491419.8
JP,2009-08,757264000000000.0,1056549100000000.0,171.1,163.5,63.0,1021492.98696096,1.314,0.106,136.8415,94.8971,95.6,491419.8
JP,2009-09,759094200000000.0,1057755900000000.0,171.1,163.5,63.0,1030791.18153919,1.258,0.102,140.483,91.2748,95.6,491419.8
JP,2009-10,761078600000000.0,1059570500000000.0,172.3,167.5,63.5,1033884.20003847,1.4040000000000001,0.106,139.2471,90.3671,95.2,497342.1
JP,2009-11,763019200000000.0,1061717100000000.0,172.3,167.5,63.5,1047473.91429648,1.253,0.105,139.9207,89.2674,95.0,497342.1
JP,2009-12,764451300000000.0,1062965000000000.0,172.3,167.5,63.5,1024899.79874146,1.272,0.10099999999999999,138.7238,89.9509,94.8,497342.1
JP,2010-01,766345500000000.0,1065059400000000.0,169.1,169.0,63.0,1029178.18771846,1.308,0.096,136.0832,91.1011,94.9,502661.1
JP,2010-02,767550100000000.0,1066598900000000.0,169.1,169.0,63.0,1028171.96719812,1.295,0.10099999999999999,138.5188,90.1395,94.9,502661.1
JP,2010-03,768323000000000.0,1067353700000000.0,169.1,169.0,63.0,1019588.81930049,1.361,0.09699999999999999,136.9758,90.7161,95.1,502661.1
JP,2010-04,771076300000000.0,1070712600000000.0,167.3,173.2,62.6,1022158.15645202,1.286,0.09300000000000001,131.7556,93.4527,95.1,508753.2
JP,2010-05,775094700000000.0,1075227500000000.0,167.3,173.2,62.6,1016767.19510376,1.2570000000000001,0.091,136.6291,91.973,95.1,508753.2
JP,2010-06,774711300000000.0,1074862500000000.0,167.3,173.2,62.6,1024803.06014671,1.08,0.095,139.1989,90.8059,94.9,508753.2
JP,2010-07,775816600000000.0,1076113700000000.0,164.9,173.1,61.7,1040856.45806924,1.075,0.094,141.3406,87.5005,94.4,517955.1
JP,2010-08,778325500000000.0,1078686600000000.0,164.9,173.1,61.7,1045558.05201825,1.023,0.095,143.4291,85.3727,94.5,517955.1
JP,2010-09,780098300000000.0,1080399400000000.0,164.9,173.1,61.7,1085112.13092674,0.898,0.091,143.3631,84.3571,94.7,517955.1
JP,2010-10,781890300000000.0,1082156400000000.0,163.4,174.7,61.2,1092742.61411401,0.903,0.091,144.849,81.7285,95.0,513611.3
JP,2010-11,782540700000000.0,1082658300000000.0,163.4,174.7,61.2,1074521.27288665,1.161,0.091,142.6946,82.518,94.7,513611.3
JP,2010-12,782544600000000.0,1082176600000000.0,163.4,174.7,61.2,1069985.03121496,1.133,0.087,141.1396,83.3376,94.5,513611.3
JP,2011-01,784377700000000.0,1084301600000000.0,162.4,174.7,61.1,1070470.10477624,1.213,0.085,140.0217,82.625,94.4,508323.6
JP,2011-02,786323800000000.0,1086263800000000.0,162.4,174.7,61.1,1067050.40128644,1.2409999999999999,0.09300000000000001,138.4251,82.5368,94.4,508323.6
JP,2011-03,788265000000000.0,1088730500000000.0,162.4,174.7,61.1,1080615.8986371,1.214,0.085,139.0157,81.647,94.6,508323.6
JP,2011-04,791816300000000.0,1093198300000000.0,162.3,180.0,61.5,1097759.39117777,1.215,0.062,134.0434,83.1771,94.7,503958.4
JP,2011-05,795794500000000.0,1098243800000000.0,162.3,180.0,61.5,1101717.49350728,1.1179999999999999,0.069,136.9874,81.1257,94.7,503958.4
JP,2011-06,796555200000000.0,1099014800000000.0,162.3,180.0,61.5,1100758.75234025,1.084,0.069,137.5878,80.4259,94.6,503958.4
JP,2011-07,798503400000000.0,1101691700000000.0,163.1,183.6,61.6,1110795.2525556,1.075,0.073,138.3403,79.2425,94.6,516102.3
JP,2011-08,799336200000000.0,1102552400000000.0,163.1,183.6,61.6,1173880.62129183,1.023,0.081,142.6684,76.9657,94.7,516102.3
JP,2011-09,801425300000000.0,1104900600000000.0,163.1,183.6,61.6,1160731.04368175,0.975,0.08,145.452,76.7957,94.7,516102.3
JP,2011-10,803817300000000.0,1107328100000000.0,163.5,187.8,61.8,1167506.39168448,1.038,0.081,146.8765,76.643,94.8,515323.7
JP,2011-11,806124100000000.0,1109444200000000.0,163.5,187.8,61.8,1261806.31403818,1.062,0.077,144.5666,77.5595,94.2,515323.7
JP,2011-12,807174900000000.0,1110285100000000.0,163.5,187.8,61.8,1258172.34031009,0.971,0.078,144.8409,77.7967,94.3,515323.7
JP,2012-01,808542700000000.0,1112318100000000.0,162.4,189.3,61.4,1263758.4405252,0.9590000000000001,0.08,145.2957,76.964,94.5,522807.7
JP,2012-02,809701200000000.0,1113829000000000.0,162.4,189.3,61.4,1259330.72337178,0.9620000000000001,0.085,140.2019,78.47,94.7,522807.7
JP,2012-03,811419400000000.0,1116736400000000.0,162.4,189.3,61.4,1247800.12857103,0.966,0.084,134.2905,82.4659,95.1,522807.7
JP,2012-04,812443700000000.0,1118347500000000.0,159.3,191.9,61.1,1248875.20893766,0.914,0.075,136.5405,81.2524,95.2,517872.9
JP,2012-05,813166600000000.0,1118999700000000.0,159.3,191.9,61.1,1239348.179195,0.846,0.084,140.8293,79.6668,94.9,517872.9
JP,2012-06,814460900000000.0,1120416700000000.0,159.3,191.9,61.1,1231181.7536019,0.789,0.076,142.2365,79.3152,94.4,517872.9
JP,2012-07,816669200000000.0,1123326800000000.0,160.4,193.7,61.1,1232833.70583604,0.78,0.084,141.5863,78.9348,94.1,515779.3
JP,2012-08,818932200000000.0,1125722700000000.0,160.4,193.7,61.1,1232647.94530337,0.8,0.086,140.967,78.6909,94.3,515779.3
JP,2012-09,820940800000000.0,1127955700000000.0,160.4,193.7,61.1,1233267.25992052,0.757,0.085,140.4362,78.1353,94.4,515779.3
JP,2012-10,822277100000000.0,1129093700000000.0,161.7,195.0,61.4,1231830.37112046,0.76,0.085,138.2431,79.0132,94.4,515417.3
JP,2012-11,823416200000000.0,1129544100000000.0,161.7,195.0,61.4,1228346.11528273,0.713,0.086,134.2859,81.0305,94.1,515417.3
JP,2012-12,827822600000000.0,1134174100000000.0,161.7,195.0,61.4,1227147.0636792,0.7809999999999999,0.08199999999999999,128.8063,83.7905,94.1,515417.3
JP,2013-01,830313200000000.0,1137142800000000.0,161.8,199.5,61.8,1226302.76218734,0.775,0.083,120.2662,89.0581,94.2,522657.3
JP,2013-02,833271600000000.0,1140771400000000.0,161.8,199.5,61.8,1219691.39618717,0.669,0.08,114.5909,93.0016,94.0,522657.3
JP,2013-03,835998600000000.0,1144727800000000.0,161.8,199.5,61.8,1214997.21080351,0.49200000000000005,0.08,113.4573,94.77,94.2,522657.3
JP,2013-04,838366100000000.0,1147298900000000.0,160.5,199.0,61.8,1221784.23365641,0.589,0.07,110.0588,97.7582,94.5,527383.3
JP,2013-05,841406100000000.0,1150606900000000.0,160.5,199.0,61.8,1215898.16064687,0.879,0.07,107.061,100.9186,94.6,527383.3
JP,2013-06,845337600000000.0,1154826700000000.0,160.5,199.0,61.8,1209351.06108628,0.8220000000000001,0.07,111.9736,97.235,94.6,527383.3
JP,2013-07,847149700000000.0,1157380000000000.0,160.2,199.7,61.4,1221653.81652205,0.79,0.07,110.0861,99.6727,94.8,532328.4
JP,2013-08,849935100000000.0,1160147000000000.0,160.2,199.7,61.4,1219852.37896737,0.708,0.07,112.536,97.8123,95.1,532328.4
JP,2013-09,852876300000000.0,1163230400000000.0,160.2,199.7,61.4,1240771.72574576,0.669,0.07,110.5104,99.21,95.4,532328.4
JP,2013-10,856409500000000.0,1166420000000000.0,160.3,200.4,61.3,1244137.84629132,0.59,0.07,111.1368,97.77,95.5,531680.9
JP,2013-11,859514600000000.0,1168341400000000.0,160.3,200.4,61.3,1244488.14826107,0.605,0.07,109.3754,100.0737,95.5,531680.9
JP,2013-12,862846100000000.0,1172243000000000.0,160.3,200.4,61.3,1237217.76175135,0.688,0.07,105.9649,103.46,95.6,531680.9
JP,2014-01,,1176078500000000.0,159.3,200.1,61.2,1246241.5683479,0.614,0.07,105.3365,103.7614,95.5,536078.9
JP,2014-02,,1176867900000000.0,159.3,200.1,61.2,1255532.50309481,0.586,0.08,107.3456,102.1253,95.5,536078.9
JP,2014-03,,1177672100000000.0,159.3,200.1,61.2,1247526.25730078,0.605,0.07,107.1009,102.3395,95.7,536078.9
JP,2014-04,,1179619800000000.0,157.5,202.5,60.8,1251081.48496025,0.61,0.06,108.5625,102.4582,97.7,526478.2
JP,2014-05,,1180908400000000.0,157.5,202.5,60.8,1253118.06243068,0.5660000000000001,0.07,109.4111,101.7738,98.1,526478.2
JP,2014-06,,1183626000000000.0,157.5,202.5,60.8,1251528.81990211,0.536,0.07,109.0946,102.0629,98.0,526478.2
JP,2014-07,,1185930500000000.0,157.7,203.6,60.7,1244368.20838329,0.527,0.07,109.1008,101.74,98.1,526824.1
JP,2014-08,,1188757600000000.0,157.7,203.6,60.7,1246342.16702678,0.488,0.07,108.2985,102.9438,98.3,526824.1
JP,2014-09,,1192523100000000.0,157.7,203.6,60.7,1234441.23124457,0.49700000000000005,0.07,105.0489,107.4257,98.5,526824.1
JP,2014-10,,1196542800000000.0,158.5,208.8,60.8,1237244.92882148,0.465,0.06,105.09899999999999,108.0264,98.2,529207.0
JP,2014-11,,1201648000000000.0,158.5,208.8,60.8,1239944.74216046,0.42,0.06,98.76883000000001,116.2994,97.9,529207.0
JP,2014-12,,1205799500000000.0,158.5,208.8,60.8,1231009.76713357,0.33,0.07,97.91389000000001,119.3233,97.9,529207.0
JP,2015-01,,1208370600000000.0,157.2,207.4,60.5,1230062.14272986,0.275,0.07,100.0543,118.25,97.8,537465.7
JP,2015-02,,1210815200000000.0,157.2,207.4,60.5,1221209.53261988,0.33,0.08,100.0547,118.76,97.6,537465.7
JP,2015-03,,1213580600000000.0,157.2,207.4,60.5,1216078.99353157,0.4,0.07,99.59779,120.3945,97.9,537465.7
JP,2015-04,,1215585400000000.0,154.7,206.3,60.2,1221000.9832974,0.34,0.06,99.58381,119.5095,98.4,538318.2
JP,2015-05,,1219554500000000.0,154.7,206.3,60.2,1216408.74659362,0.39,0.07,98.16355,120.798,98.7,538318.2
JP,2015-06,,1220992800000000.0,154.7,206.3,60.2,1214090.88073931,0.455,0.07,96.23435,123.7186,98.4,538318.2
JP,2015-07,,1224011000000000.0,154.0,204.8,59.7,1215258.3997113,0.41,0.07,97.36820999999999,123.3109,98.3,538787.1
JP,2015-08,,1228263300000000.0,154.0,204.8,59.7,1216193.35016116,0.38,0.08,99.65423,123.0038,98.4,538787.1
JP,2015-09,,1228857700000000.0,154.0,204.8,59.7,1221495.05166167,0.35,0.07,103.5605,120.1476,98.5,538787.1
JP,2015-10,,1231067100000000.0,154.4,205.7,59.5,1216072.14248398,0.3,0.08,102.4993,120.0481,98.5,537810.7
JP,2015-11,,1233075500000000.0,154.4,205.7,59.5,1206849.21554526,0.3,0.08,101.0005,122.6432,98.1,537810.7
JP,2015-12,,1235724600000000.0,154.4,205.7,59.5,1207019.20362756,0.27,0.07,102.2287,121.635,98.1,537810.7
JP,2016-01,,1238730900000000.0,153.1,211.0,59.3,1220692.70819753,0.095,0.07,106.4178,118.2258,97.7,541970.4
JP,2016-02,,1241311600000000.0,153.1,211.0,59.3,1223709.32308536,-0.065,0.03,107.9456,114.6155,97.8,541970.4
JP,2016-03,,1244559700000000.0,153.1,211.0,59.3,1231603.78065099,-0.05,-0.003,108.2313,112.9317,97.9,541970.4
JP,2016-04,,1248940400000000.0,153.6,216.3,59.4,1230816.3946527,-0.085,-0.036000000000000004,110.0891,109.5519,98.1,541062.9
JP,2016-05,,1252686100000000.0,153.6,216.3,59.4,1224086.07088185,-0.12,-0.059000000000000004,112.1456,108.8481,98.2,541062.9
JP,2016-06,,1256114800000000.0,153.6,216.3,59.4,1232848.47196157,-0.23,-0.055,115.6862,105.3509,98.1,541062.9
JP,2016-07,,1259229000000000.0,155.0,214.2,59.5,1231672.22098738,-0.195,-0.043,116.9723,104.191,97.9,542183.1
JP,2016-08,,1262028200000000.0,155.0,214.2,59.5,1223782.70565713,-0.07,-0.043,119.2552,101.2383,97.9,542183.1
JP,2016-09,,1264994900000000.0,155.0,214.2,59.5,1227547.43627273,-0.085,-0.052000000000000005,118.53,101.7843,98.0,542183.1
JP,2016-10,,1268454400000000.0,156.4,211.7,59.8,1211436.93898599,-0.05,-0.037000000000000005,117.7043,103.9075,98.6,542897.0
JP,2016-11,,1272941200000000.0,156.4,211.7,59.8,1190247.95513902,0.02,-0.049,114.6398,108.443,98.6,542897.0
JP,2016-12,,1277320300000000.0,156.4,211.7,59.8,1188326.84364884,0.04,-0.044000000000000004,107.7055,115.9981,98.4,542897.0
JP,2017-01,,1281370400000000.0,157.1,211.5,60.0,1201624.18803606,0.085,-0.045,107.3099,114.8721,98.2,547122.8
JP,2017-02,,1285573600000000.0,157.1,211.5,60.0,1201341.25467668,0.05,-0.038,107.8627,112.9116,98.1,547122.8
JP,2017-03,,1289065000000000.0,157.1,211.5,60.0,1199593.18928578,0.065,-0.042,107.9916,112.9165,98.1,547122.8
JP,2017-04,,1290826800000000.0,156.4,212.1,60.1,1211022.72587752,0.015,-0.054000000000000006,110.9292,110.091,98.5,549296.4
JP,2017-05,,1292582300000000.0,156.4,212.1,60.1,1220604.57200821,0.04,-0.053,108.4023,112.2436,98.6,549296.4
JP,2017-06,,1297730400000000.0,156.4,212.1,60.1,1219168.55920285,0.075,-0.055999999999999994,108.7827,110.9141,98.5,549296.4
JP,2017-07,,1301335100000000.0,156.5,211.2,60.0,1228708.69867277,0.075,-0.054000000000000006,106.2076,112.417,98.3,554067.4
JP,2017-08,,1304257800000000.0,156.5,211.2,60.0,1235594.05572147,0.01,-0.049,107.5995,109.827,98.5,554067.4
JP,2017-09,,1307707300000000.0,156.5,211.2,60.0,1234600.36205386,0.06,-0.057999999999999996,105.9718,110.776,98.8,554067.4
JP,2017-10,,1311528000000000.0,156.9,211.3,60.2,1229533.0538107,0.065,-0.037000000000000005,104.6249,112.9148,98.8,554424.5
JP,2017-11,,1315884900000000.0,156.9,211.3,60.2,1229608.199523,0.035,-0.048,104.9738,112.819,99.1,554424.5
JP,2017-12,,1316920100000000.0,156.9,211.3,60.2,1232243.91661267,0.045,-0.042,104.4833,112.9405,99.4,554424.5
JP,2018-01,,1319456200000000.0,156.2,210.8,60.3,1235295.05481113,0.08,-0.04,103.6567,110.871,99.5,554778.4
JP,2018-02,,1321249000000000.0,156.2,210.8,60.3,1229187.34864672,0.045,-0.042,105.4743,107.97,99.5,554778.4
JP,2018-03,,1323528200000000.0,156.2,210.8,60.3,1235573.13429637,0.045,-0.062,107.5435,106.0468,99.2,554778.4
JP,2018-04,,1325981300000000.0,156.9,210.9,60.3,1223566.3997354,0.05,-0.063,105.9677,107.6562,99.1,556955.8
JP,2018-05,,1327112500000000.0,156.9,210.9,60.3,1222228.22080636,0.03,-0.061,105.6981,109.6882,99.3,556955.8
JP,2018-06,,1331741700000000.0,156.9,210.9,60.3,1227775.48385958,0.03,-0.071,106.2752,110.0638,99.2,556955.8
JP,2018-07,,1334094300000000.0,158.2,209.1,60.6,1225959.47124447,0.06,-0.07,106.375,111.521,99.2,554182.1
JP,2018-08,,1336346200000000.0,158.2,209.1,60.6,1229453.11428603,0.11,-0.059000000000000004,108.2197,110.9965,99.8,554182.1
JP,2018-09,,1339190800000000.0,158.2,209.1,60.6,1230192.00313373,0.125,-0.057999999999999996,107.4502,112.0974,99.9,554182.1
JP,2018-10,,1342077700000000.0,160.2,212.7,61.2,1222712.01608656,0.13,-0.06,107.3652,112.7218,100.2,552876.4
JP,2018-11,,1343295900000000.0,160.2,212.7,61.2,1228030.73951515,0.085,-0.071,106.95,113.338,100.0,552876.4
JP,2018-12,,1345464800000000.0,160.2,212.7,61.2,1238935.32125338,-0.01,-0.068,107.5746,112.1994,99.7,552876.4
JP,2019-01,,1347526500000000.0,161.2,215.9,61.5,1246225.33203816,0.0,-0.064,109.7114,108.9605,99.7,554114.2
JP,2019-02,,1349147700000000.0,161.2,215.9,61.5,1248885.45147347,-0.015,-0.055,107.5765,110.44,99.7,554114.2
JP,2019-03,,1351287400000000.0,161.2,215.9,61.5,1259251.4868137,-0.095,-0.040999999999999995,106.867,111.1443,99.7,554114.2
JP,2019-04,,1352915900000000.0,161.9,218.0,61.7,1261260.25566429,-0.045,-0.067,106.5539,111.6414,100.0,556634.0
JP,2019-05,,1355400900000000.0,161.9,218.0,61.7,1275399.36151758,-0.095,-0.049,109.2455,109.9714,100.0,556634.0
JP,2019-06,,1356553500000000.0,161.9,218.0,61.7,1286857.470189,-0.165,-0.062,110.8208,108.0685,99.8,556634.0
JP,2019-07,,1358937300000000.0,163.4,216.9,61.8,1280456.0761156,-0.16,-0.071,110.0344,108.2864,99.8,557697.6
JP,2019-08,,1361345800000000.0,163.4,216.9,61.8,1293118.46330457,-0.28,-0.045,113.8996,106.1886,100.0,557697.6
JP,2019-09,,1364364100000000.0,163.4,216.9,61.8,1285150.43275016,-0.215,-0.059000000000000004,112.6629,107.54,100.1,557697.6
JP,2019-10,,1367749300000000.0,165.5,217.1,62.3,1286396.24769021,-0.15,-0.021,111.4958,108.1368,100.4,541572.2
JP,2019-11,,1372165300000000.0,165.5,217.1,62.3,1280510.2130961,-0.08,-0.043,110.3396,108.8579,100.5,541572.2
JP,2019-12,,1375769100000000.0,165.5,217.1,62.3,1284973.73911336,-0.025,-0.038,109.4214,109.101,100.5,541572.2
JP,2020-01,,1378481200000000.0,167.1,217.6,62.7,1301939.80674899,-0.065,-0.032,108.1309,109.2667,100.5,544313.2
JP,2020-02,,1381560300000000.0,167.1,217.6,62.7,1318087.86372931,-0.155,-0.016,108.3658,110.0295,100.3,544313.2
JP,2020-03,,1386846100000000.0,167.1,217.6,62.7,1325252.22666024,0.005,-0.047,113.7008,107.6673,100.3,544313.2
JP,2020-04,,1393055100000000.0,178.8,229.9,64.7,1323901.71682137,-0.04,-0.036000000000000004,115.04899999999999,107.7386,100.2,503089.5
JP,2020-05,,1411446000000000.0,178.8,229.9,64.7,1332801.15149282,0.0,-0.047,115.1621,107.2,100.1,503089.5
JP,2020-06,,1436337300000000.0,178.8,229.9,64.7,1336144.67662624,0.03,-0.048,112.1883,107.5782,99.9,503089.5
JP,2020-07,,1447420400000000.0,182.2,235.7,66.1,1350518.31763368,0.01,-0.027999999999999997,111.9829,106.6818,100.0,530281.9
JP,2020-08,,1457873500000000.0,182.2,235.7,66.1,1346730.20810625,0.045,-0.035,111.2794,106.0129,100.1,530281.9
JP,2020-09,,1465870200000000.0,182.2,235.7,66.1,1339755.69229297,0.015,-0.054000000000000006,110.895,105.589,99.9,530281.9
JP,2020-10,,1471036600000000.0,184.4,237.7,67.2,1334464.32818085,0.04,-0.02,110.6887,105.2095,99.8,539391.8
JP,2020-11,,1476691100000000.0,184.4,237.7,67.2,1337596.48000086,0.03,-0.032,109.9099,104.4061,99.5,539391.8
JP,2020-12,,1482145800000000.0,184.4,237.7,67.2,1344283.26456579,0.02,-0.026000000000000002,108.3673,103.7952,99.3,539391.8
JP,2021-01,,1488088300000000.0,185.5,235.8,67.8,1342338.1918903,0.055,-0.017,107.796,103.7883,99.8,540641.0
JP,2021-02,,1493272200000000.0,185.5,235.8,67.8,1332672.62129747,0.15,-0.016,105.6946,105.3774,99.8,540641.0
JP,2021-03,,1498014200000000.0,185.5,235.8,67.8,1318667.41623525,0.12,-0.017,103.5193,108.6991,99.9,540641.0
JP,2021-04,,1502305900000000.0,183.3,233.2,67.0,1326538.21051143,0.09,-0.012,102.0025,109.0445,99.1,544556.0
JP,2021-05,,1508270900000000.0,183.3,233.2,67.0,1331958.35930171,0.08,-0.017,101.1437,109.112,99.4,544556.0
JP,2021-06,,1510502400000000.0,183.3,233.2,67.0,1324702.35380584,0.05,-0.028999999999999998,100.3761,110.1073,99.5,544556.0
JP,2021-07,,1513699300000000.0,183.1,231.1,66.9,1333027.04358182,0.015,-0.036000000000000004,101.3171,110.2143,99.7,542226.8
JP,2021-08,,1517034100000000.0,183.1,231.1,66.9,1371116.31518784,0.02,-0.034,101.8785,109.8527,99.7,542226.8
JP,2021-09,,1520679000000000.0,183.1,231.1,66.9,1358141.20878488,0.065,-0.022000000000000002,101.2225,110.161,100.1,542226.8
JP,2021-10,,1525924500000000.0,184.8,230.4,67.2,1352621.7099221,0.095,-0.027000000000000003,98.17105,113.1215,99.9,548380.5
JP,2021-11,,1529105600000000.0,184.8,230.4,67.2,1356676.61136886,0.05,-0.039,97.68037,113.965,100.1,548380.5
JP,2021-12,,1532852200000000.0,184.8,230.4,67.2,1356244.3084257,0.07,-0.026000000000000002,98.65805,113.8329,100.1,548380.5
JP,2022-01,,1537328800000000.0,184.5,232.7,67.1,1337102.90240263,0.17,-0.02,97.36039,114.8255,100.3,545661.1
JP,2022-02,,1541231400000000.0,184.5,232.7,67.1,1332627.11218469,0.18,-0.018000000000000002,96.74129,115.2763,100.7,545661.1
JP,2022-03,,1544821100000000.0,184.5,232.7,67.1,1303245.90493931,0.21,-0.008,94.46987,118.5774,101.1,545661.1
JP,2022-04,,1548442700000000.0,185.6,232.6,67.2,1270206.57821826,0.215,-0.012,88.53623,126.3743,101.5,551449.0
JP,2022-05,,1551118800000000.0,185.6,232.6,67.2,1279639.89133155,0.235,-0.018000000000000002,88.39882,128.8486,101.8,551449.0
JP,2022-06,,1554646900000000.0,185.6,232.6,67.2,1261832.3178576,0.225,-0.038,84.85254,133.9619,101.8,551449.0
JP,2022-07,,1558318100000000.0,186.0,230.0,67.3,1275342.15585904,0.18,-0.012,84.1892,136.709,102.3,548755.4
JP,2022-08,,1561493600000000.0,186.0,230.0,67.3,1245400.12059039,0.22,-0.018000000000000002,85.3308,135.2835,102.7,548755.4
JP,2022-09,,1563720100000000.0,186.0,230.0,67.3,1192584.02683909,0.24,-0.049,82.52843,143.2843,103.1,548755.4
JP,2022-10,,1566340100000000.0,186.8,226.5,67.5,1149985.32513651,0.245,-0.05,81.80371,147.0515,103.7,550213.5
JP,2022-11,,1569967300000000.0,186.8,226.5,67.5,1178636.98509101,0.25,-0.067,83.43841,142.445,103.9,550213.5
JP,2022-12,,1572062200000000.0,186.8,226.5,67.5,1178279.37146245,0.41,-0.07,86.44731999999999,134.9148,104.1,550213.5
JP,2023-01,,1573221600000000.0,185.0,229.6,66.9,1197897.57161447,0.49,-0.02,87.3829,130.4475,104.7,557152.2
JP,2023-02,,1574919500000000.0,185.0,229.6,66.9,1176415.6631197,0.5,-0.019,86.5389,133.0463,104.0,557152.2
JP,2023-03,,1577325000000000.0,185.0,229.6,66.9,1203213.34288581,0.32,-0.017,86.88139,133.6643,104.4,557152.2
JP,2023-04,,1580107300000000.0,183.8,227.9,66.2,1211485.27851145,0.385,-0.015,86.65123,133.4745,105.1,559383.0
JP,2023-05,,1583067500000000.0,183.8,227.9,66.2,1201091.33506523,0.43,-0.051,84.75177,137.0532,105.1,559383.0
JP,2023-06,,1586238600000000.0,183.8,227.9,66.2,1195165.28695676,0.395,-0.066,82.98804,141.3581,105.2,559383.0
JP,2023-07,,1588087700000000.0,182.9,218.5,65.5,1200070.46399789,0.595,-0.046,82.78761999999999,140.936,105.7,553577.7
JP,2023-08,,1590559200000000.0,182.9,218.5,65.5,1198341.38055068,0.64,-0.064,81.79678,144.7804,105.9,553577.7
JP,2023-09,,1592131500000000.0,182.9,218.5,65.5,1186370.15406393,0.765,-0.054000000000000006,80.86182,147.845,106.2,553577.7
JP,2023-10,,1595186200000000.0,182.4,218.4,65.1,1183683.37329491,0.95,-0.02,80.44771,149.5933,107.1,553308.7
JP,2023-11,,1597003700000000.0,182.4,218.4,65.1,1214344.2102911,0.66,-0.015,79.38478,149.679,106.9,553308.7
JP,2023-12,,,182.4,218.4,65.1,1238541.06344621,0.62,-0.012,81.89479,143.9815,106.8,553308.7
JP,2024-01,,,182.9,216.5,65.2,1235945.27645905,0.73,-0.013999999999999999,81.17947,146.2943,106.9,551779.2
JP,2024-02,,,182.9,216.5,65.2,1225778.80943739,0.71,-0.006,79.49899,149.615,106.9,551779.2
JP,2024-03,,,182.9,216.5,65.2,1230377.1355098,0.725,0.022000000000000002,79.49882,149.8186,107.2,551779.2
JP,2024-04,,,182.6,212.0,65.3,1216227.94337121,0.87,0.077,78.12335,153.89,107.7,555861.7
JP,2024-05,,,182.6,212.0,65.3,1167701.97725895,1.07,0.077,76.59666999999999,155.8691,108.1,555861.7
JP,2024-06,,,182.6,212.0,65.3,1168095.82747018,1.05,0.077,76.0582,157.86,108.2,555861.7
JP,2024-07,,,180.8,210.7,64.8,1153084.38114412,1.045,0.078,75.85138,157.5182,108.6,557451.2
JP,2024-08,,,180.8,210.7,64.8,1167387.73306644,0.89,0.22699999999999998,80.71479000000001,146.2641,109.1,557451.2
JP,2024-09,,,180.8,210.7,64.8,1183364.81265658,0.855,0.22699999999999998,81.61283,142.954,108.9,557451.2
JP,2024-10,,,181.8,205.6,64.8,1164583.78217395,0.935,0.22699999999999998,78.75296,149.8909,109.5,560774.2
JP,2024-11,,,181.8,205.6,64.8,1166892.4381609,1.05,0.22699999999999998,78.47457,153.7126,110.0,560774.2
JP,2024-12,,,181.8,205.6,64.8,1159702.3790689,1.09,0.22699999999999998,79.63412,153.8143,110.7,560774.2
JP,2025-01,,,180.0,200.4,64.4,1164145.91004519,1.245,0.293,78.72249000000001,156.4819,111.2,561550.9
JP,2025-02,,,180.0,200.4,64.4,1176183.24830877,1.37,0.478,80.58771,151.5716,110.8,561550.9
JP,2025-03,,,180.0,200.4,64.4,1187782.70526482,1.485,0.47700000000000004,81.50864,149.0576,111.1,561550.9
JP,2025-04,,,,,,1208435.90360876,1.31,0.47700000000000004,83.81199000000001,144.1286,111.5,562987.8
JP,2025-05,,,,,,1208991.50528438,1.5,0.47700000000000004,82.13238,144.8762,,562987.8
JP,2025-06,,,,,,1224366.53290602,1.42,0.47700000000000004,81.5892,144.4835,,562987.8
JP,2025-07,,,,,,1214710.69989405,1.545,0.478,79.90139,147.2014,,
JP,2025-08,,,,,,,1.6,0.47700000000000004,79.84979,147.4786,,
JP,2025-09,,,,,,,1.645,0.47700000000000004,79.41622,147.8629,,
