Country,Time,Monetary Aggregates - M1 (JPY),Monetary Aggregates - M2 (JPY),Monetary Aggregates - M3 (JPY)
JP,1955-01,,3581223800349.6,
JP,1955-02,,3555441696605.7,
JP,1955-03,,3591476914965.9,
JP,1955-04,,3664343710103.1,
JP,1955-05,,3668425046989.2,
JP,1955-06,,3716604731205.6,
JP,1955-07,,3778720687716.0,
JP,1955-08,,3796340117687.7,
JP,1955-09,,3844917981112.5,
JP,1955-10,,3900862159892.7,
JP,1955-11,,3965964460466.1,
JP,1955-12,,4297349106657.0,
JP,1956-01,,4156791846091.8,
JP,1956-02,,4160972727780.0,
JP,1956-03,,4260816164286.3,
JP,1956-04,,4321339403963.1,
JP,1956-05,,4365238661689.2,
JP,1956-06,,4484991058615.5,
JP,1956-07,,4508085452702.7,
JP,1956-08,,4560545563409.4,
JP,1956-09,,4734948056688.6,
JP,1956-10,,4731762623021.4,
JP,1956-11,,4842058263748.2,
JP,1956-12,,5232472977584.4,
JP,1957-01,,5118991903190.4,
JP,1957-02,,5085445304882.7,
JP,1957-03,,5260544611776.6,
JP,1957-04,,5304145235096.4,
JP,1957-05,,5336995019789.4,
JP,1957-06,,5426485796877.3,
JP,1957-07,,5398613252289.3,
JP,1957-08,,5419219026324.0,
JP,1957-09,,5482429975657.5,
JP,1957-10,,5551514068314.9,
JP,1957-11,,5637918956537.7,
JP,1957-12,,6004044738661.5,
JP,1958-01,,5850944833031.7,
JP,1958-02,,5814909614671.5,
JP,1958-03,,5943919678193.1,
JP,1958-04,,6058396200608.1,
JP,1958-05,,6070042942453.8,
JP,1958-06,,6169687289355.9,
JP,1958-07,,6251015392671.6,
JP,1958-08,,6352650635615.7,
JP,1958-09,,6457869491435.4,
JP,1958-10,,6544174834856.1,
JP,1958-11,,6760187055413.1,
JP,1958-12,,7135072780121.7,
JP,1959-01,,6902337032811.9,
JP,1959-02,,6964054810113.9,
JP,1959-03,,7184745636369.6,
JP,1959-04,,7273041875832.3,
JP,1959-05,,7410811881938.7,
JP,1959-06,,7452620698820.7,
JP,1959-07,,7523297508311.7,
JP,1959-08,,7473823741668.0,
JP,1959-09,,7763100936570.6,
JP,1959-10,,7877278824579.3,
JP,1959-11,,8023111959655.8,
JP,1959-12,,8563640235058.8,
JP,1960-01,4079303625350.38,8449661436654.3,
JP,1960-02,4021869747177.6,8365546078879.8,
JP,1960-03,4110392833317.82,8621276675474.7,
JP,1960-04,4169824411600.96,8737345914723.3,
JP,1960-05,4219891770616.8003,8799163236827.4,
JP,1960-06,4270957979687.82,8952760866467.7,
JP,1960-07,4421534625506.03,9105860772097.5,
JP,1960-08,4387698579886.8506,9113326632255.0,
JP,1960-09,4470603134466.69,9377518537028.4,
JP,1960-10,4577604946627.721,9488013267359.4,
JP,1960-11,4690475002862.93,9712188161688.6,
JP,1960-12,4786239751903.2,10372966558028.4,
JP,1961-01,4912843996397.12,10148891208501.3,
JP,1961-02,5065168629811.89,10243757404902.6,
JP,1961-03,5139707815179.61,10596146004336.6,
JP,1961-04,5371690740494.9,10864021066787.7,
JP,1961-05,5333110157113.62,10833659902147.2,
JP,1961-06,5469578045902.431,11073264240801.9,
JP,1961-07,5532380743121.801,11114973512881.8,
JP,1961-08,5601301396929.141,11162356838681.4,
JP,1961-09,5650369905889.8,11442177277384.5,
JP,1961-10,5676215151067.551,11472936621233.4,
JP,1961-11,5743138104764.53,11698306053187.8,
JP,1961-12,5830537484592.681,12466294201389.3,
JP,1962-01,5883851106287.85,12120575103696.0,
JP,1962-02,5926676802403.64,12102657039318.0,
JP,1962-03,5942533547029.61,12409553664192.3,
JP,1962-04,6080125142130.49,12601675132245.3,
JP,1962-05,6135935888963.61,12714758027430.9,
JP,1962-06,6196241461045.03,12928878896748.0,
JP,1962-07,6291756497571.51,13022849189930.4,
JP,1962-08,6412117929220.56,13141108414825.2,
JP,1962-09,6587416113904.44,13638135611710.5,
JP,1962-10,6619129603156.37,13675365367695.9,
JP,1962-11,6773451936681.5,14028251691140.4,
JP,1962-12,6896560205982.3,14990451748239.0,
JP,1963-01,6553330355771.47,14671112023102.2,
JP,1963-02,6757595192055.539,14775833154911.4,
JP,1963-03,6939261045841.19,15461995475786.7,
JP,1963-04,7087590279035.25,15509577891190.5,
JP,1963-05,7265011020086.39,15718422885996.3,
JP,1963-06,7486880588592.99,16241132641823.4,
JP,1963-07,7568536580603.859,16287321429997.8,
JP,1963-08,7702757056768.52,16397716615526.7,
JP,1963-09,7874808978773.07,16998469496200.2,
JP,1963-10,7924501769018.22,17067553588857.6,
JP,1963-11,8198561252907.909,17442439313566.2,
JP,1963-12,8171592301418.079,18582924111225.9,
JP,1964-01,8275472707156.68,18078630143787.3,
JP,1964-02,8338275404376.051,18080421950225.1,
JP,1964-03,8418433121304.15,18648623680611.9,
JP,1964-04,8513323876546.14,18747770303503.5,
JP,1964-05,8622697957588.23,19014351283527.3,
JP,1964-06,8693616311505.92,19149134945570.7,
JP,1964-07,8817723430861.898,19266000543236.1,
JP,1964-08,8913987604929.76,19331202388611.6,
JP,1964-09,8859675133179.41,19874119739265.0,
JP,1964-10,9044961818415.08,19900797746227.8,
JP,1964-11,9260214005306.12,20216852492895.3,
JP,1964-12,9289430369420.1,21424530031972.5,
JP,1965-01,9558495603033.9,21039490737449.7,
JP,1965-02,9619800025170.5,21135949650684.6,
JP,1965-03,9580345447990.94,21579521288842.2,
JP,1965-04,9729298962469.48,21693201452840.4,
JP,1965-05,9846663843953.0,21866907132504.9,
JP,1965-06,9901226028217.139,22296243863962.2,
JP,1965-07,10031825672931.8,22393996859624.4,
JP,1965-08,10224603733581.3,22559639410318.8,
JP,1965-09,10315249376088.8,23269792028500.2,
JP,1965-10,10486427304295.0,23496853722090.3,
JP,1965-11,10438357645389.602,23763335157312.0,
JP,1965-12,10684823896504.898,25278805224482.4,
JP,1966-01,10845513899131.8,24571838039968.2,
JP,1966-02,10917306246847.8,24641718491042.4,
JP,1966-03,11173636142258.1,25570471494635.4,
JP,1966-04,11308356043450.3,25582317326085.3,
JP,1966-05,11413984436785.5,25748158966383.9,
JP,1966-06,11491769884832.5,26234933048652.9,
JP,1966-07,11668066919571.6,26601954733995.6,
JP,1966-08,11706272934182.201,26602651547610.3,
JP,1966-09,12027278370665.3,27376512839135.7,
JP,1966-10,12060240422486.2,27300759244737.6,
JP,1966-11,11919152852192.2,27772601606691.6,
JP,1966-12,12345536969496.7,29388313289576.7,
JP,1967-01,12359146301498.5,28121406593250.0,
JP,1967-02,12519461735354.7,27829541233492.8,
JP,1967-03,12911884950783.1,28490419174634.7,
JP,1967-04,13060214183977.1,28820808372804.6,
JP,1967-05,12887413124431.2,28685228352344.4,
JP,1967-06,13201551466784.9,29298424333280.4,
JP,1967-07,13171835677643.4,29692323115190.1,
JP,1967-08,13524554603378.398,29897086773109.8,
JP,1967-09,13795992105873.2,30523522212725.1,
JP,1967-10,14058439957871.5,30743814859772.4,
JP,1967-11,14186542477448.201,31222227178665.0,
JP,1967-12,14387935619823.6,32611773071178.9,
JP,1968-01,14539760828210.8,32547268039418.1,
JP,1968-02,14789473342005.502,32225638783833.0,
JP,1968-03,14999481566106.799,32840228391998.4,
JP,1968-04,15082261264429.8,33245773915753.8,
JP,1968-05,15286775813227.602,33455415268976.4,
JP,1968-06,15610528087362.498,34098474690542.4,
JP,1968-07,15734635206718.502,34447379221902.9,
JP,1968-08,15840013887539.8,34568823880464.9,
JP,1968-09,15968615832144.1,35070927862257.3,
JP,1968-10,16120815609302.0,35246027169151.2,
JP,1968-11,16450810696281.7,36017698475030.4,
JP,1968-12,16668684864567.598,37701797436958.2,
JP,1969-01,16972834706369.5,37721507307774.0,
JP,1969-02,17126657614867.102,37287790605024.3,
JP,1969-03,17470886315133.1,37985301033339.0,
JP,1969-04,17786647788826.5,38716358059961.4,
JP,1969-05,18040355702841.9,39032213717024.7,
JP,1969-06,18364732258261.2,39818020384802.1,
JP,1969-07,18706214120875.5,40427334118456.2,
JP,1969-08,19116866349810.9,40814762488229.4,
JP,1969-09,19391050689957.5,41437415225364.9,
JP,1969-10,19661739054911.0,41775768007702.8,
JP,1969-11,20147305037984.8,42692874269450.1,
JP,1969-12,20506891057849.2,44744194006324.8,
JP,1970-01,20866726790227.297,44833087514600.1,
JP,1970-02,21164508962927.5,44390113145255.1,
JP,1970-03,21295233463899.098,45094392620112.6,
JP,1970-04,21698519173677.5,45933754391419.8,
JP,1970-05,22093439514243.8,46471893591572.4,
JP,1970-06,22216797496058.4,47218977331332.9,
JP,1970-07,22582251759997.0,47935500816848.7,
JP,1970-08,22883529907890.297,48252551011537.2,
JP,1970-09,23016626677742.9,48815875046621.1,
JP,1970-10,23541896950510.1,49235755021878.9,
JP,1970-11,23885126800720.9,50119911954131.1,
JP,1970-12,24285041391563.1,52350611424390.0,
JP,1971-01,24765737980617.9,52452545301740.4,
JP,1971-02,25288760840761.0,52130716956551.1,
JP,1971-03,25520369197305.5,53101577411432.4,
JP,1971-04,26066490464974.598,54292630968558.9,
JP,1971-05,26791530748777.5,55206452251836.9,
JP,1971-06,27016896292477.2,56431948310490.0,
JP,1971-07,27943953999940.1,57884804697139.5,
JP,1971-08,28675861377872.4,58703062970401.5,
JP,1971-09,29127466459070.098,59841755961623.4,
JP,1971-10,29528504756224.4,60480236322292.8,
JP,1971-11,29265307766684.8,61567166016422.7,
JP,1971-12,30492145346958.203,65288747987733.3,
JP,1972-01,30797668607586.0,65615254938621.3,
JP,1972-02,31085337423477.6,65305471514486.1,
JP,1972-03,31882919192537.8,66939200806551.3,
JP,1972-04,32586733912668.203,68492796532926.0,
JP,1972-05,32448018611255.3,69302095773999.0,
JP,1972-06,33024604805607.3,71463312972392.1,
JP,1972-07,32995513297750.203,73552559278866.9,
JP,1972-08,33427266234101.2,74188252385077.5,
JP,1972-09,34208117264737.3,75944919507736.2,
JP,1972-10,36510966066952.1,77287579798461.0,
JP,1972-11,37266471277438.0,79092327060534.0,
JP,1972-12,38004871180729.0,82589535047911.2,
JP,1973-01,38652875154026.2,82747910828052.3,
JP,1973-02,39720146437984.8,82790814637757.4,
JP,1973-03,41094189545140.2,84925254284385.6,
JP,1973-04,42992129506236.91,87188604449733.3,
JP,1973-05,42516926592485.6,87636456514381.2,
JP,1973-06,43142081870770.6,89529898195125.3,
JP,1973-07,43715047233672.59,90311125802006.1,
JP,1973-08,43910696988230.695,90416046023419.5,
JP,1973-09,45159259557204.3,91559517165142.2,
JP,1973-10,45285614089184.4,91497898932642.3,
JP,1973-11,45230302767378.9,92784814134191.1,
JP,1973-12,45359404137010.805,95775538168483.5,
JP,1974-01,46034002493027.2,95538123815475.0,
JP,1974-02,46632063963565.5,94903724791691.7,
JP,1974-03,46712221680493.6,95762298709804.2,
JP,1974-04,47100899208215.1,97056182047500.0,
JP,1974-05,48039069122541.8,97848857306622.3,
JP,1974-06,49408991973219.6,99617867984741.4,
JP,1974-07,49424599005331.695,100333893746247.0,
JP,1974-08,49577298207517.2,100573995808912.0,
JP,1974-09,49765581442918.4,101233579667627.0,
JP,1974-10,50188719297543.5,101296790616960.0,
JP,1974-11,51199555553384.5,103145835315968.0,
JP,1974-12,51691489205560.1,107010562712698.0,
JP,1975-01,52336371772434.9,106898674355138.0,
JP,1975-02,52886863009095.4,106219081991201.0,
JP,1975-03,52895353234564.4,107501617221457.0,
JP,1975-04,53888459901926.0,109495599152322.0,
JP,1975-05,54177127567872.6,110134875871409.0,
JP,1975-06,54380643266615.3,111996164581074.0,
JP,1975-07,54904290408042.8,113486549358116.0,
JP,1975-08,55805128301557.305,114187942033712.0,
JP,1975-09,55865059304868.0,115182792785900.0,
JP,1975-10,56281080352850.0,115738053692013.0,
JP,1975-11,55814991945852.2,117472621868606.0,
JP,1975-12,57493684319837.1,122507597958824.0,
JP,1976-01,58550592534473.2,122900999016723.0,
JP,1976-02,59548069170826.195,122460314177826.0,
JP,1976-03,60016280134191.2,124347982260049.0,
JP,1976-04,60603603966636.4,126118187475793.0,
JP,1976-05,61405930273458.805,127210791223643.0,
JP,1976-06,62446732030955.09,130159706441053.0,
JP,1976-07,62439989793082.695,131110757480316.0,
JP,1976-08,63035429282226.2,131508040785497.0,
JP,1976-09,63442086110940.9,132511452390665.0,
JP,1976-10,64394364782296.99,132936807330039.0,
JP,1976-11,64488131831226.91,134276381731898.0,
JP,1976-12,64964957876317.9,139434494742314.0,
JP,1977-01,65248007010704.195,138965240545215.0,
JP,1977-02,65367744161068.8,137681510777333.0,
JP,1977-03,65470376004238.41,139516221024838.0,
JP,1977-04,65130142704193.09,140606336152635.0,
JP,1977-05,63720640420078.91,141428576217981.0,
JP,1977-06,65547537171001.0,144442494191163.0,
JP,1977-07,66334006733197.41,145785652205898.0,
JP,1977-08,66781241845403.7,145886192456019.0,
JP,1977-09,67443104863216.6,147469950257430.0,
JP,1977-10,67950395834990.6,147058133411143.0,
JP,1977-11,68584291051258.41,148777570777816.0,
JP,1977-12,69502608820738.5,154309673609721.0,
JP,1978-01,69896530311249.6,153640632994807.0,
JP,1978-02,70186571396022.195,152408566979216.0,
JP,1978-03,70590231674571.3,154964977041946.0,
JP,1978-04,70059717439014.5,157404322417406.0,
JP,1978-05,70902122604300.89,157685038759328.0,
JP,1978-06,72882717407463.6,161785985971442.0,
JP,1978-07,73895176794644.31,163349337088422.0,
JP,1978-08,74570898856972.8,163900118478442.0,
JP,1978-09,75290320609215.4,165191413651283.0,
JP,1978-10,75799734137356.6,164880634779127.0,
JP,1978-11,76516159339433.61,167046928762427.0,
JP,1978-12,76901465748218.8,173126328916278.0,
JP,1979-01,77861610363759.5,172493522609328.0,
JP,1979-02,78150028317192.39,171164002232481.0,
JP,1979-03,78291490456257.1,173936125881362.0,
JP,1979-04,80786742750350.7,176664051638110.0,
JP,1979-05,82008211511577.5,177911348008423.0,
JP,1979-06,80918341245120.5,180926062340021.0,
JP,1979-07,81511408465383.0,182727026899615.0,
JP,1979-08,82445707835745.9,183341218328572.0,
JP,1979-09,81900210849361.3,184043208272981.0,
JP,1979-10,82201488997254.61,183756519242933.0,
JP,1979-11,82574809205377.7,185563157856246.0,
JP,1979-12,82793931936232.6,192253364915783.0,
JP,1980-01,83224186597500.9,190717289074577.0,295200000000000.0
JP,1980-02,83829864299709.89,189611346323246.0,297000000000000.0
JP,1980-03,84474497154071.0,192378393187220.0,298600000000000.0
JP,1980-04,86327613718941.5,195013543188411.0,300700000000000.0
JP,1980-05,85236120321144.89,196298069314710.0,303100000000000.0
JP,1980-06,83303844889401.4,198285381743834.0,304200000000000.0
JP,1980-07,81944285108046.11,198783205299136.0,305500000000000.0
JP,1980-08,81544495373460.8,198467051007667.0,307100000000000.0
JP,1980-09,81749009922258.61,198855673915065.0,308600000000000.0
JP,1980-10,81605674939340.5,197777802797926.0,310300000000000.0
JP,1980-11,81983614828968.81,200135919614873.0,312800000000000.0
JP,1980-12,81296655703519.5,207327235208181.0,314900000000000.0
JP,1981-01,81972003197077.3,204892667983222.0,317000000000000.0
JP,1981-02,83062872313589.5,203962322262795.0,319400000000000.0
JP,1981-03,83070488545260.19,207137900994587.0,321800000000000.0
JP,1981-04,82741117739565.0,210364148030648.0,325100000000000.0
JP,1981-05,84882277689097.8,210942304241245.0,327100000000000.0
JP,1981-06,86061420179236.4,214814099318924.0,330600000000000.0
JP,1981-07,86537996511813.61,216668021713235.0,333200000000000.0
JP,1981-08,87172890578136.61,217585924333399.0,336100000000000.0
JP,1981-09,87522737809963.0,218978157935570.0,339100000000000.0
JP,1981-10,88405970971254.9,219064164644584.0,342500000000000.0
JP,1981-11,88900276892311.5,221047296192020.0,344900000000000.0
JP,1981-12,89248251280284.4,229089819388085.0,347400000000000.0
JP,1982-01,87826388226737.39,226834532351708.0,350300000000000.0
JP,1982-02,88332305779685.39,225573299709101.0,352700000000000.0
JP,1982-03,88792650798866.0,228852604124681.0,354800000000000.0
JP,1982-04,89589233717871.1,229971089521077.0,356400000000000.0
JP,1982-05,90409913894457.4,230760479801730.0,358700000000000.0
JP,1982-06,90438755689800.7,233732688502832.0,360800000000000.0
JP,1982-07,91346585533701.39,236710969436861.0,364200000000000.0
JP,1982-08,91683447714810.5,237187490404514.0,366700000000000.0
JP,1982-09,91849506536484.0,238359431359637.0,368600000000000.0
JP,1982-10,92621742485394.1,237296591507616.0,370900000000000.0
JP,1982-11,93057865390736.6,238774135005186.0,373100000000000.0
JP,1982-12,93332923724681.39,247123554826126.0,374800000000000.0
JP,1983-01,93756186435563.39,244274184410815.0,376800000000000.0
JP,1983-02,93685767506673.39,242326590357729.0,378800000000000.0
JP,1983-03,93561410674803.6,246193507740105.0,380800000000000.0
JP,1983-04,93631330178666.11,247407058422506.0,383600000000000.0
JP,1983-05,93728842915302.9,248165888448915.0,386000000000000.0
JP,1983-06,94051970908153.3,251690670346474.0,388600000000000.0
JP,1983-07,94139869713009.0,253444450669871.0,390400000000000.0
JP,1983-08,94146986519652.2,253579433421519.0,392600000000000.0
JP,1983-09,94475358475292.19,255573913076395.0,395200000000000.0
JP,1983-10,94741427158740.5,254359167856368.0,397600000000000.0
JP,1983-11,94065205671384.39,255083654926052.0,399200000000000.0
JP,1983-12,95178673770395.0,265781834352541.0,403000000000000.0
JP,1984-01,94291445208882.4,262790015325426.0,405300000000000.0
JP,1984-02,94906861699129.5,261301024175614.0,408000000000000.0
JP,1984-03,95908084023189.4,266955865748509.0,411500000000000.0
JP,1984-04,95743898045369.4,266362877362399.0,412500000000000.0
JP,1984-05,95663116047156.8,266905695168250.0,415400000000000.0
JP,1984-06,96068149744531.8,270518673760470.0,418200000000000.0
JP,1984-07,96845379943717.8,272929250688123.0,420800000000000.0
JP,1984-08,96699547835661.7,273211858381285.0,423500000000000.0
JP,1984-09,98394596379300.19,276192030666555.0,426700000000000.0
JP,1984-10,98092818806379.3,274007420439668.0,428800000000000.0
JP,1984-11,98666907875593.3,275859750117145.0,431600000000000.0
JP,1984-12,99874392736047.6,286408910974891.0,433900000000000.0
JP,1985-01,100320379285685.0,283552970602642.0,437300000000000.0
JP,1985-02,100370946069728.0,282021573367135.0,440300000000000.0
JP,1985-03,101840129644640.0,288098584445736.0,443600000000000.0
JP,1985-04,99978522854300.0,288849251798372.0,447300000000000.0
JP,1985-05,100146204807313.0,289160627939341.0,450200000000000.0
JP,1985-06,100978371759534.0,292707807417372.0,452900000000000.0
JP,1985-07,101395141945057.0,295441307683038.0,455900000000000.0
JP,1985-08,101518250214358.0,295802655314661.0,458800000000000.0
JP,1985-09,102777425565168.0,298978234046453.0,462100000000000.0
JP,1985-10,102809638479448.0,297678875744642.0,466000000000000.0
JP,1985-11,102961338831578.0,300867295755905.0,470000000000000.0
JP,1985-12,104793854114060.0,312909628645151.0,474000000000000.0
JP,1986-01,104758270080845.0,309195014809987.0,476400000000000.0
JP,1986-02,104268334128779.0,307448302167538.0,479500000000000.0
JP,1986-03,105560846100180.98,313896913992378.0,482800000000000.0
JP,1986-04,106121700406164.0,313248479151499.0,485300000000000.0
JP,1986-05,106607016676724.0,313536462263974.0,488200000000000.0
JP,1986-06,108346389191561.0,317632631325587.0,492200000000000.0
JP,1986-07,108869911476731.0,321232071824721.0,495800000000000.0
JP,1986-08,110085636850140.98,322094328900511.0,499100000000000.0
JP,1986-09,110798316364511.02,325496571146685.0,502900000000000.0
JP,1986-10,111761332673960.0,323097441871273.0,505700000000000.0
JP,1986-11,113274715363813.0,325974983465578.0,508700000000000.0
JP,1986-12,113932083556378.0,338415396018421.0,513900000000000.0
JP,1987-01,114950411187633.02,335911147431991.0,517800000000000.0
JP,1987-02,115470687210124.02,334485765410721.0,521600000000000.0
JP,1987-03,115856992468964.0,342088798305515.0,527100000000000.0
JP,1987-04,117571518588679.0,343958448778557.0,532800000000000.0
JP,1987-05,119541126041234.0,345512641773745.0,537900000000000.0
JP,1987-06,120080879639801.98,349484877556743.0,542600000000000.0
JP,1987-07,120976473570526.0,354470678514724.0,547600000000000.0
JP,1987-08,123271830997327.0,357444479932659.0,553100000000000.0
JP,1987-09,123476095833612.0,361519147317018.0,558700000000000.0
JP,1987-10,123703084508651.0,360799139763429.0,563400000000000.0
JP,1987-11,124492051195985.02,366249814947217.0,570000000000000.0
JP,1987-12,122075957768765.0,377173363805660.0,573500000000000.0
JP,1988-01,124643252123088.0,376012770957976.0,578800000000000.0
JP,1988-02,126339549229295.0,376118387993004.0,584900000000000.0
JP,1988-03,126431193721858.0,382374181536177.0,589200000000000.0
JP,1988-04,128179930455962.02,382971350803975.0,593700000000000.0
JP,1988-05,131083837278881.0,385038697253987.0,599900000000000.0
JP,1988-06,130220830831207.02,388437057252879.0,604400000000000.0
JP,1988-07,130025680501676.0,393961992859034.0,609100000000000.0
JP,1988-08,131007550105917.02,396516611115326.0,614400000000000.0
JP,1988-09,131152133651403.98,399925124684032.0,618900000000000.0
JP,1988-10,132761031377783.0,400569876367234.0,624400000000000.0
JP,1988-11,135851223735993.0,404118150838088.0,628900000000000.0
JP,1988-12,134810047409726.0,416454240438331.0,633800000000000.0
JP,1989-01,135262651340978.98,413692469448868.0,635500000000000.0
JP,1989-02,138365579037392.0,415415390883615.0,645100000000000.0
JP,1989-03,138480072224967.0,421914571467922.0,650200000000000.0
JP,1989-04,138085526453171.0,422168808892485.0,653800000000000.0
JP,1989-05,137753658522338.0,421195360272749.0,657100000000000.0
JP,1989-06,134857367931090.0,424912263638361.0,662700000000000.0
JP,1989-07,133512790900562.0,432620614933777.0,668500000000000.0
JP,1989-08,134798810346605.0,434704884000147.0,673900000000000.0
JP,1989-09,135342933914164.02,438258633435117.0,678500000000000.0
JP,1989-10,134738879343294.0,438835694652890.0,683600000000000.0
JP,1989-11,133220377546909.02,444026557903197.0,690300000000000.0
JP,1989-12,132122391623753.0,460672439710359.0,701600000000000.0
JP,1990-01,135502000785451.02,461391551360729.0,708700000000000.0
JP,1990-02,139284770800670.0,464609934357425.0,722300000000000.0
JP,1990-03,139501770975157.98,470929536118743.0,727000000000000.0
JP,1990-04,141226410451681.0,477920667115028.0,739800000000000.0
JP,1990-05,137046597539528.0,476829058815200.0,743500000000000.0
JP,1990-06,137818334063410.98,478321633577887.0,745600000000000.0
JP,1990-07,139820528999017.0,485413802548304.0,749800000000000.0
JP,1990-08,138307271165421.0,486437521293100.0,753800000000000.0
JP,1990-09,139958994587916.0,490806841291675.0,758600000000000.0
JP,1990-10,140150149517226.02,490598892200088.0,762200000000000.0
JP,1990-11,139197496277099.02,487851555206930.0,758200000000000.0
JP,1990-12,140109321521220.0,499922556999181.0,760800000000000.0
JP,1991-01,141840453523102.0,495625008802919.0,762400000000000.0
JP,1991-02,140778426201933.0,490375414119374.0,764200000000000.0
JP,1991-03,141338156801604.0,494774099834569.0,765600000000000.0
JP,1991-04,141859431674150.0,496283895848019.0,768000000000000.0
JP,1991-05,141607222035218.0,494000736267054.0,769800000000000.0
JP,1991-06,147169568279995.0,496094860268831.0,771500000000000.0
JP,1991-07,148049305466094.0,501708191659250.0,774300000000000.0
JP,1991-08,148225727357090.0,499796234645316.0,774200000000000.0
JP,1991-09,149038167020721.0,501817790486363.0,776300000000000.0
JP,1991-10,150186345159149.0,500898991962980.0,778000000000000.0
JP,1991-11,152069177513161.0,499582113775999.0,777700000000000.0
JP,1991-12,152257460748562.0,509873553141107.0,777700000000000.0
JP,1992-01,151973349614525.0,504647849210066.0,777800000000000.0
JP,1992-02,151666267989111.0,498185102023327.0,776800000000000.0
JP,1992-03,152663708735598.0,503495219946550.0,779100000000000.0
JP,1992-04,152279203383867.0,504030770981848.0,777700000000000.0
JP,1992-05,151807239892128.0,499449918278810.0,775700000000000.0
JP,1992-06,152146840525400.0,500742009810068.0,776600000000000.0
JP,1992-07,152138715453659.0,502587172261793.0,775100000000000.0
JP,1992-08,153177571171393.0,501439520238383.0,775400000000000.0
JP,1992-09,153529421191965.0,499228829273346.0,774100000000000.0
JP,1992-10,153701005478903.0,497882386280141.0,774700000000000.0
JP,1992-11,154029841696304.0,496645542114049.0,775200000000000.0
JP,1992-12,155082315789562.0,507645541380505.0,776800000000000.0
JP,1993-01,154528429987878.0,503232819848214.0,777300000000000.0
JP,1993-02,154633357690807.0,498835129581040.0,779000000000000.0
JP,1993-03,154977013830894.0,501507310248613.0,777700000000000.0
JP,1993-04,155798613241927.0,506642328864941.0,780800000000000.0
JP,1993-05,157837472680296.0,506906023045704.0,784100000000000.0
JP,1993-06,157584028571992.0,507844730529507.0,785800000000000.0
JP,1993-07,158069487318632.0,510558620469159.0,785700000000000.0
JP,1993-08,158130671111669.0,509934872739201.0,787400000000000.0
JP,1993-09,157691360145249.0,508656219756226.0,787400000000000.0
JP,1993-10,158358459126259.0,507002780593345.0,788800000000000.0
JP,1993-11,158946054480335.0,504284411137598.0,788100000000000.0
JP,1993-12,160560772757395.0,514537028029888.0,789000000000000.0
JP,1994-01,161454704566014.0,511115772726513.0,789900000000000.0
JP,1994-02,162699800207899.0,506435574310979.0,791000000000000.0
JP,1994-03,163868433938748.0,511280618918791.0,793000000000000.0
JP,1994-04,164921145342326.0,517562990924124.0,796700000000000.0
JP,1994-05,165400389694303.0,515437012585674.0,797400000000000.0
JP,1994-06,165412530059969.0,515365937596975.0,797900000000000.0
JP,1994-07,166467278920759.0,520572628470815.0,801900000000000.0
JP,1994-08,167403557923420.0,519719728606422.0,803300000000000.0
JP,1994-09,168354589977939.0,520533009639579.0,806600000000000.0
JP,1994-10,168270080223220.0,519242013101144.0,808100000000000.0
JP,1994-11,167587480751698.0,517931505781498.0,809200000000000.0
JP,1994-12,169320077522205.0,529485173237234.0,811500000000000.0
JP,1995-01,170079643276465.0,526962110683208.0,813900000000000.0
JP,1995-02,170526218676722.0,524437754046754.0,817600000000000.0
JP,1995-03,171477659887707.0,529310273019945.0,819400000000000.0
JP,1995-04,173138762667645.0,533503597808407.0,820400000000000.0
JP,1995-05,174957020642486.0,531274391510180.0,821600000000000.0
JP,1995-06,176597859182730.0,531476069279234.0,823000000000000.0
JP,1995-07,179307541755224.0,534689176401418.0,823700000000000.0
JP,1995-08,182045369698724.0,533552573851040.0,825900000000000.0
JP,1995-09,185338138012295.0,533959214367619.0,828900000000000.0
JP,1995-10,188423592232555.0,531861606297768.0,829900000000000.0
JP,1995-11,190832672708994.0,535089346505860.0,835100000000000.0
JP,1995-12,190983710143457.0,546293512161424.0,837200000000000.0
JP,1996-01,194945618334447.0,543346189660847.0,838800000000000.0
JP,1996-02,197186751656474.0,538994887271452.0,840300000000000.0
JP,1996-03,198271484630144.0,545260436205230.0,844200000000000.0
JP,1996-04,200586492974721.0,548484592800447.0,844500000000000.0
JP,1996-05,202030659212030.0,548389328424837.0,848000000000000.0
JP,1996-06,203899263009123.0,551281403560248.0,851800000000000.0
JP,1996-07,205084539121501.0,554255901791798.0,853500000000000.0
JP,1996-08,206843356844197.0,553332026483508.0,855300000000000.0
JP,1996-09,207940670476224.0,552156900094718.0,857200000000000.0
JP,1996-10,209252651004082.0,551236807488908.0,860500000000000.0
JP,1996-11,210867526279828.97,551816556416338.0,861500000000000.0
JP,1996-12,212199935083584.03,562119443433688.0,861900000000000.0
JP,1997-01,214590342830983.0,559727481384027.0,863600000000000.0
JP,1997-02,216034721828285.0,554530247266386.0,864200000000000.0
JP,1997-03,217697276686216.0,559861866866862.0,866900000000000.0
JP,1997-04,218346795307620.0,566019708324768.0,872100000000000.0
JP,1997-05,219915763655979.97,565286063133291.0,873500000000000.0
JP,1997-06,221288728505270.0,567068910538902.0,876800000000000.0
JP,1997-07,221829920139468.0,571053688966965.0,879800000000000.0
JP,1997-08,222586855549641.97,571090520543742.0,882700000000000.0
JP,1997-09,224425216623552.0,568406792679126.0,884400000000000.0
JP,1997-10,225073219185276.97,567112710251826.0,887000000000000.0
JP,1997-11,228316138801134.97,569261882529165.0,889200000000000.0
JP,1997-12,232532184552060.03,583361408298609.0,894700000000000.0
JP,1998-01,236076889392950.0,584655490725909.0,899800000000000.0
JP,1998-02,238542149485650.0,582274379059677.0,904200000000000.0
JP,1998-03,236967615010422.0,585137287568073.0,905400000000000.0
JP,1998-04,236987209453378.0,589284622657965.0,907500000000000.0
JP,1998-05,236637133380916.03,589986114878364.0,911300000000000.0
JP,1998-06,238035270785314.0,589123658712970.0,912000000000000.0
JP,1998-07,240006589061944.0,594080790767945.0,916500000000000.0
JP,1998-08,241756138482809.03,595669426264659.0,920600000000000.0
JP,1998-09,242971317172459.0,592849322021166.0,923800000000000.0
JP,1998-10,245224955259951.03,591723768943822.0,925400000000000.0
JP,1998-11,247959037732211.0,596584143451156.0,931200000000000.0
JP,1998-12,249095859285167.97,608815910098798.0,934300000000000.0
JP,1999-01,248981324224853.97,608221428540657.0,936600000000000.0
JP,1999-02,252143805594351.0,604904794824289.0,938800000000000.0
JP,1999-03,257752478498713.03,609228722393107.0,942700000000000.0
JP,1999-04,258256751573126.03,612500162769321.0,943800000000000.0
JP,1999-05,262309064037709.0,614097458663818.0,947200000000000.0
JP,1999-06,265534932039040.0,614642167820909.0,950800000000000.0
JP,1999-07,268383804094392.0,617613978342802.0,952500000000000.0
JP,1999-08,271286101282426.03,616368573323729.0,953600000000000.0
JP,1999-09,274300909290561.0,612314611258207.0,953800000000000.0
JP,1999-10,276058701379524.0,612898242432919.0,956900000000000.0
JP,1999-11,278576880196681.0,613829185422158.0,957700000000000.0
JP,1999-12,280832504318527.0,624901354670137.0,960900000000000.0
JP,2000-01,282860926170901.0,623999677852715.0,961200000000000.0
JP,2000-02,284428305111915.0,617576250862806.0,963000000000000.0
JP,2000-03,284981208915834.0,621012139252090.0,963800000000000.0
JP,2000-04,286407813359657.0,630214060758214.0,966100000000000.0
JP,2000-05,287113245710851.0,627594539290952.0,966300000000000.0
JP,2000-06,287352296751074.0,626410055690765.0,967300000000000.0
JP,2000-07,287571189250437.0,629784325847548.0,967500000000000.0
JP,2000-08,288357955582489.0,627351948608235.0,969200000000000.0
JP,2000-09,288399383179876.0,624273824237699.0,971400000000000.0
JP,2000-10,291543613332536.0,626031785442785.0,973400000000000.0
JP,2000-11,292916017972501.0,625523907862470.0,973800000000000.0
JP,2000-12,293816005241241.0,637261633657290.0,973300000000000.0
JP,2001-01,296529824793825.0,637542748178420.0,975000000000000.0
JP,2001-02,297093167059961.0,633441303242296.0,976800000000000.0
JP,2001-03,299148225876404.0,636342536499500.0,977600000000000.0
JP,2001-04,303205967171112.0,644871833777835.0,979300000000000.0
JP,2001-05,306214163277266.0,644219118510465.0,981200000000000.0
JP,2001-06,309224141010326.0,644368734348021.0,983100000000000.0
JP,2001-07,312262802051435.0,648409855134073.0,984600000000000.0
JP,2001-08,314950974928714.0,645856132781000.0,985800000000000.0
JP,2001-09,319850522049453.0,644189155525033.0,987900000000000.0
JP,2001-10,324776934141074.0,644154314844298.0,988900000000000.0
JP,2001-11,329450244276788.0,644598881930477.0,990600000000000.0
JP,2001-12,337351214320211.0,658305305276428.0,992600000000000.0
JP,2002-01,344195310379429.0,659772197480173.0,995200000000000.0
JP,2002-02,353537066998541.0,655717140421828.0,996500000000000.0
JP,2002-03,369430428910650.0,659817888544337.0,998500000000000.0
JP,2002-04,402610765662384.0,667679439290185.0,999900000000000.0
JP,2002-05,403211364784778.0,666591514148034.0,1001300000000000.0
JP,2002-06,405777294300524.0,666141671187344.0,1002100000000000.0
JP,2002-07,409057271223126.0,669648734110129.0,1003500000000000.0
JP,2002-08,413690750409123.0,667867678510956.0,1004800000000000.0
JP,2002-09,415515232862143.0,665052750597172.0,1005800000000000.0
JP,2002-10,418565248533805.0,665521208435855.0,1007100000000000.0
JP,2002-11,422399859570272.0,665477906446941.0,1007900000000000.0
JP,2002-12,423386093098837.06,672578437180734.0,1006700000000000.0
JP,2003-01,424406159509523.94,672586699399308.0,1007300000000000.0
JP,2003-02,426577923247606.0,668438567950999.0,1008000000000000.0
JP,2003-03,424262774676699.0,671015285153358.0,1008000000000000.0
JP,2003-04,421519600000000.0,672661700000000.0,1008500000000000.0
JP,2003-05,424695900000000.0,674617500000000.0,1010600000000000.0
JP,2003-06,428162900000000.0,676603400000000.0,1012300000000000.0
JP,2003-07,430233800000000.0,677501200000000.0,1013500000000000.0
JP,2003-08,434736700000000.0,680225400000000.0,1016300000000000.0
JP,2003-09,436543800000000.0,678953100000000.0,1014800000000000.0
JP,2003-10,438061900000000.0,679560900000000.0,1015300000000000.0
JP,2003-11,439624200000000.0,680038400000000.0,1015700000000000.0
JP,2003-12,437700300000000.0,680286900000000.0,1016200000000000.0
JP,2004-01,439799600000000.0,681748900000000.0,1017500000000000.0
JP,2004-02,442448200000000.0,683371800000000.0,1019300000000000.0
JP,2004-03,441971600000000.0,684407000000000.0,1020200000000000.0
JP,2004-04,440453600000000.0,685286300000000.0,1020500000000000.0
JP,2004-05,444564900000000.0,688090100000000.0,1023200000000000.0
JP,2004-06,445443300000000.0,688499700000000.0,1023100000000000.0
JP,2004-07,449101600000000.0,690143000000000.0,1025100000000000.0
JP,2004-08,452244100000000.0,692884700000000.0,1027600000000000.0
JP,2004-09,454139800000000.0,692115600000000.0,1026000000000000.0
JP,2004-10,456832500000000.0,692879000000000.0,1026200000000000.0
JP,2004-11,457115200000000.0,693373500000000.0,1026200000000000.0
JP,2004-12,457254900000000.0,694130000000000.0,1026300000000000.0
JP,2005-01,459194200000000.0,695107800000000.0,1026700000000000.0
JP,2005-02,460074200000000.0,695743600000000.0,1026800000000000.0
JP,2005-03,462729700000000.0,698297300000000.0,1028800000000000.0
JP,2005-04,462187200000000.0,697485300000000.0,1026600000000000.0
JP,2005-05,464392500000000.0,698359000000000.0,1026600000000000.0
JP,2005-06,466183000000000.0,699617800000000.0,1026300000000000.0
JP,2005-07,469576800000000.0,701717600000000.0,1028300000000000.0
JP,2005-08,472043300000000.0,704035800000000.0,1029900000000000.0
JP,2005-09,476367700000000.0,705667400000000.0,1030900000000000.0
JP,2005-10,478632800000000.0,706154500000000.0,1030400000000000.0
JP,2005-11,479512000000000.0,707182300000000.0,1030900000000000.0
JP,2005-12,481028300000000.0,707261900000000.0,1030000000000000.0
JP,2006-01,481937400000000.0,707243400000000.0,1029000000000000.0
JP,2006-02,482788300000000.0,707490600000000.0,1028000000000000.0
JP,2006-03,483412300000000.0,707797200000000.0,1027700000000000.0
JP,2006-04,484356000000000.0,708557400000000.0,1027700000000000.0
JP,2006-05,484180200000000.0,707651800000000.0,1025700000000000.0
JP,2006-06,484098200000000.0,707099000000000.0,1024000000000000.0
JP,2006-07,484274500000000.0,705529200000000.0,1021900000000000.0
JP,2006-08,483538700000000.0,707131300000000.0,1022500000000000.0
JP,2006-09,483809200000000.0,709291100000000.0,1024000000000000.0
JP,2006-10,482555200000000.0,710049000000000.0,1023400000000000.0
JP,2006-11,481831200000000.0,711328100000000.0,1024200000000000.0
JP,2006-12,481709900000000.0,712334200000000.0,1024500000000000.0
JP,2007-01,482092500000000.0,713575300000000.0,1024800000000000.0
JP,2007-02,482952100000000.0,714411600000000.0,1024600000000000.0
JP,2007-03,483089300000000.0,715456000000000.0,1025300000000000.0
JP,2007-04,482688200000000.0,716682600000000.0,1025900000000000.0
JP,2007-05,482457300000000.0,717963100000000.0,1026100000000000.0
JP,2007-06,483094700000000.0,719417400000000.0,1026900000000000.0
JP,2007-07,482995700000000.0,720070200000000.0,1026800000000000.0
JP,2007-08,481039600000000.0,719520100000000.0,1025400000000000.0
JP,2007-09,481974700000000.0,721534500000000.0,1026500000000000.0
JP,2007-10,483505100000000.0,723464900000000.0,1029300000000000.0
JP,2007-11,483611600000000.0,725696600000000.0,1030500000000000.0
JP,2007-12,484547200000000.0,727525700000000.0,1031800000000000.0
JP,2008-01,483864000000000.0,729024400000000.0,1032500000000000.0
JP,2008-02,482897700000000.0,730985500000000.0,1033300000000000.0
JP,2008-03,481684800000000.0,731609700000000.0,1033200000000000.0
JP,2008-04,478835100000000.0,730188400000000.0,1031000000000000.0
JP,2008-05,479420000000000.0,732646700000000.0,1032900000000000.0
JP,2008-06,481181200000000.0,734927500000000.0,1035500000000000.0
JP,2008-07,479540500000000.0,735428000000000.0,1034600000000000.0
JP,2008-08,479850000000000.0,736688200000000.0,1035700000000000.0
JP,2008-09,479657500000000.0,737224500000000.0,1036000000000000.0
JP,2008-10,478164600000000.0,736450000000000.0,1034800000000000.0
JP,2008-11,479792600000000.0,738787600000000.0,1037100000000000.0
JP,2008-12,479752100000000.0,741264400000000.0,1039700000000000.0
JP,2009-01,480222800000000.0,743714400000000.0,1042339200000000.0
JP,2009-02,481506100000000.0,746696000000000.0,1045579500000000.0
JP,2009-03,481907700000000.0,748123200000000.0,1046817700000000.0
JP,2009-04,481483100000000.0,749685900000000.0,1048397600000000.0
JP,2009-05,483009400000000.0,751977800000000.0,1050983800000000.0
JP,2009-06,483382900000000.0,753107500000000.0,1052317800000000.0
JP,2009-07,482493200000000.0,755356100000000.0,1054316200000000.0
JP,2009-08,483365200000000.0,757264000000000.0,1056549100000000.0
JP,2009-09,483782600000000.0,759094200000000.0,1057755900000000.0
JP,2009-10,483450900000000.0,761078600000000.0,1059570500000000.0
JP,2009-11,484917000000000.0,763019200000000.0,1061717100000000.0
JP,2009-12,484882600000000.0,764451300000000.0,1062965000000000.0
JP,2010-01,485869400000000.0,766345500000000.0,1065059400000000.0
JP,2010-02,485928900000000.0,767550100000000.0,1066598900000000.0
JP,2010-03,486890600000000.0,768323000000000.0,1067353700000000.0
JP,2010-04,488685600000000.0,771076300000000.0,1070712600000000.0
JP,2010-05,492173300000000.0,775094700000000.0,1075227500000000.0
JP,2010-06,491189300000000.0,774711300000000.0,1074862500000000.0
JP,2010-07,492491700000000.0,775816600000000.0,1076113700000000.0
JP,2010-08,493977100000000.0,778325500000000.0,1078686600000000.0
JP,2010-09,495306400000000.0,780098300000000.0,1080399400000000.0
JP,2010-10,497573200000000.0,781890300000000.0,1082156400000000.0
JP,2010-11,498743000000000.0,782540700000000.0,1082658300000000.0
JP,2010-12,499924000000000.0,782544600000000.0,1082176600000000.0
JP,2011-01,501834000000000.0,784377700000000.0,1084301600000000.0
JP,2011-02,503396000000000.0,786323800000000.0,1086263800000000.0
JP,2011-03,507443700000000.0,788265000000000.0,1088730500000000.0
JP,2011-04,513610500000000.0,791816300000000.0,1093198300000000.0
JP,2011-05,515927200000000.0,795794500000000.0,1098243800000000.0
JP,2011-06,515499300000000.0,796555200000000.0,1099014800000000.0
JP,2011-07,518116600000000.0,798503400000000.0,1101691700000000.0
JP,2011-08,519005700000000.0,799336200000000.0,1102552400000000.0
JP,2011-09,521030200000000.0,801425300000000.0,1104900600000000.0
JP,2011-10,522812500000000.0,803817300000000.0,1107328100000000.0
JP,2011-11,524467600000000.0,806124100000000.0,1109444200000000.0
JP,2011-12,526120800000000.0,807174900000000.0,1110285100000000.0
JP,2012-01,527433900000000.0,808542700000000.0,1112318100000000.0
JP,2012-02,528177900000000.0,809701200000000.0,1113829000000000.0
JP,2012-03,529882400000000.0,811419400000000.0,1116736400000000.0
JP,2012-04,531208500000000.0,812443700000000.0,1118347500000000.0
JP,2012-05,531087200000000.0,813166600000000.0,1118999700000000.0
JP,2012-06,532394300000000.0,814460900000000.0,1120416700000000.0
JP,2012-07,534120400000000.0,816669200000000.0,1123326800000000.0
JP,2012-08,536462500000000.0,818932200000000.0,1125722700000000.0
JP,2012-09,539518700000000.0,820940800000000.0,1127955700000000.0
JP,2012-10,539793500000000.0,822277100000000.0,1129093700000000.0
JP,2012-11,540682700000000.0,823416200000000.0,1129544100000000.0
JP,2012-12,543631000000000.0,827822600000000.0,1134174100000000.0
JP,2013-01,546205200000000.0,830313200000000.0,1137142800000000.0
JP,2013-02,548454100000000.0,833271600000000.0,1140771400000000.0
JP,2013-03,551421000000000.0,835998600000000.0,1144727800000000.0
JP,2013-04,552667400000000.0,838366100000000.0,1147298900000000.0
JP,2013-05,554704400000000.0,841406100000000.0,1150606900000000.0
JP,2013-06,559861300000000.0,845337600000000.0,1154826700000000.0
JP,2013-07,562306700000000.0,847149700000000.0,1157380000000000.0
JP,2013-08,564257000000000.0,849935100000000.0,1160147000000000.0
JP,2013-09,567291400000000.0,852876300000000.0,1163230400000000.0
JP,2013-10,569412500000000.0,856409500000000.0,1166420000000000.0
JP,2013-11,571452300000000.0,859514600000000.0,1168341400000000.0
JP,2013-12,574685500000000.0,862846100000000.0,1172243000000000.0
JP,2014-01,578397900000000.0,,1176078500000000.0
JP,2014-02,578135200000000.0,,1176867900000000.0
JP,2014-03,579405300000000.0,,1177672100000000.0
JP,2014-04,580854800000000.0,,1179619800000000.0
JP,2014-05,581161200000000.0,,1180908400000000.0
JP,2014-06,583781500000000.0,,1183626000000000.0
JP,2014-07,584907100000000.0,,1185930500000000.0
JP,2014-08,587776500000000.0,,1188757600000000.0
JP,2014-09,590888500000000.0,,1192523100000000.0
JP,2014-10,593414400000000.0,,1196542800000000.0
JP,2014-11,598341600000000.0,,1201648000000000.0
JP,2014-12,601323400000000.0,,1205799500000000.0
JP,2015-01,603858800000000.0,,1208370600000000.0
JP,2015-02,606337800000000.0,,1210815200000000.0
JP,2015-03,608610200000000.0,,1213580600000000.0
JP,2015-04,609885300000000.0,,1215585400000000.0
JP,2015-05,613681900000000.0,,1219554500000000.0
JP,2015-06,615247400000000.0,,1220992800000000.0
JP,2015-07,617406800000000.0,,1224011000000000.0
JP,2015-08,620783100000000.0,,1228263300000000.0
JP,2015-09,621987800000000.0,,1228857700000000.0
JP,2015-10,624637200000000.0,,1231067100000000.0
JP,2015-11,626500300000000.0,,1233075500000000.0
JP,2015-12,628565300000000.0,,1235724600000000.0
JP,2016-01,631190100000000.0,,1238730900000000.0
JP,2016-02,635881500000000.0,,1241311600000000.0
JP,2016-03,642020200000000.0,,1244559700000000.0
JP,2016-04,651168900000000.0,,1248940400000000.0
JP,2016-05,654651600000000.0,,1252686100000000.0
JP,2016-06,658620500000000.0,,1256114800000000.0
JP,2016-07,663505100000000.0,,1259229000000000.0
JP,2016-08,667157500000000.0,,1262028200000000.0
JP,2016-09,670508600000000.0,,1264994900000000.0
JP,2016-10,675651700000000.0,,1268454400000000.0
JP,2016-11,680557000000000.0,,1272941200000000.0
JP,2016-12,686223300000000.0,,1277320300000000.0
JP,2017-01,691481300000000.0,,1281370400000000.0
JP,2017-02,696139800000000.0,,1285573600000000.0
JP,2017-03,698861200000000.0,,1289065000000000.0
JP,2017-04,701977500000000.0,,1290826800000000.0
JP,2017-05,704255300000000.0,,1292582300000000.0
JP,2017-06,708769800000000.0,,1297730400000000.0
JP,2017-07,712993100000000.0,,1301335100000000.0
JP,2017-08,716596900000000.0,,1304257800000000.0
JP,2017-09,721185000000000.0,,1307707300000000.0
JP,2017-10,725862600000000.0,,1311528000000000.0
JP,2017-11,730351700000000.0,,1315884900000000.0
JP,2017-12,733531000000000.0,,1316920100000000.0
JP,2018-01,737953400000000.0,,1319456200000000.0
JP,2018-02,740533200000000.0,,1321249000000000.0
JP,2018-03,743301200000000.0,,1323528200000000.0
JP,2018-04,746299500000000.0,,1325981300000000.0
JP,2018-05,747674900000000.0,,1327112500000000.0
JP,2018-06,754458900000000.0,,1331741700000000.0
JP,2018-07,757953700000000.0,,1334094300000000.0
JP,2018-08,760985100000000.0,,1336346200000000.0
JP,2018-09,764851000000000.0,,1339190800000000.0
JP,2018-10,768165000000000.0,,1342077700000000.0
JP,2018-11,770623900000000.0,,1343295900000000.0
JP,2018-12,773895500000000.0,,1345464800000000.0
JP,2019-01,776919400000000.0,,1347526500000000.0
JP,2019-02,780550100000000.0,,1349147700000000.0
JP,2019-03,784928000000000.0,,1351287400000000.0
JP,2019-04,789096400000000.0,,1352915900000000.0
JP,2019-05,791364100000000.0,,1355400900000000.0
JP,2019-06,792159700000000.0,,1356553500000000.0
JP,2019-07,794378300000000.0,,1358937300000000.0
JP,2019-08,798032000000000.0,,1361345800000000.0
JP,2019-09,802517900000000.0,,1364364100000000.0
JP,2019-10,806818600000000.0,,1367749300000000.0
JP,2019-11,812565400000000.0,,1372165300000000.0
JP,2019-12,818403900000000.0,,1375769100000000.0
JP,2020-01,822735300000000.0,,1378481200000000.0
JP,2020-02,827049100000000.0,,1381560300000000.0
JP,2020-03,833887700000000.0,,1386846100000000.0
JP,2020-04,845487400000000.0,,1393055100000000.0
JP,2020-05,863915400000000.0,,1411446000000000.0
JP,2020-06,889548200000000.0,,1436337300000000.0
JP,2020-07,898730800000000.0,,1447420400000000.0
JP,2020-08,909193600000000.0,,1457873500000000.0
JP,2020-09,916765700000000.0,,1465870200000000.0
JP,2020-10,920631200000000.0,,1471036600000000.0
JP,2020-11,926756600000000.0,,1476691100000000.0
JP,2020-12,932868500000000.0,,1482145800000000.0
JP,2021-01,940696100000000.0,,1488088300000000.0
JP,2021-02,947345900000000.0,,1493272200000000.0
JP,2021-03,951705200000000.0,,1498014200000000.0
JP,2021-04,956748600000000.0,,1502305900000000.0
JP,2021-05,962230800000000.0,,1508270900000000.0
JP,2021-06,966047500000000.0,,1510502400000000.0
JP,2021-07,970817200000000.0,,1513699300000000.0
JP,2021-08,975218000000000.0,,1517034100000000.0
JP,2021-09,980519200000000.0,,1520679000000000.0
JP,2021-10,987399200000000.0,,1525924500000000.0
JP,2021-11,992203900000000.0,,1529105600000000.0
JP,2021-12,997356400000000.0,,1532852200000000.0
JP,2022-01,1002571100000000.0,,1537328800000000.0
JP,2022-02,1007238500000000.0,,1541231400000000.0
JP,2022-03,1010863500000000.0,,1544821100000000.0
JP,2022-04,1014258500000000.0,,1548442700000000.0
JP,2022-05,1015376400000000.0,,1551118800000000.0
JP,2022-06,1020433700000000.0,,1554646900000000.0
JP,2022-07,1025021400000000.0,,1558318100000000.0
JP,2022-08,1029082900000000.0,,1561493600000000.0
JP,2022-09,1032719800000000.0,,1563720100000000.0
JP,2022-10,1036635800000000.0,,1566340100000000.0
JP,2022-11,1041534100000000.0,,1569967300000000.0
JP,2022-12,1045128900000000.0,,1572062200000000.0
JP,2023-01,1047976800000000.0,,1573221600000000.0
JP,2023-02,1050700800000000.0,,1574919500000000.0
JP,2023-03,1055267800000000.0,,1577325000000000.0
JP,2023-04,1059203000000000.0,,1580107300000000.0
JP,2023-05,1059980900000000.0,,1583067500000000.0
JP,2023-06,1064624600000000.0,,1586238600000000.0
JP,2023-07,1067645000000000.0,,1588087700000000.0
JP,2023-08,1072349900000000.0,,1590559200000000.0
JP,2023-09,1076164300000000.0,,1592131500000000.0
JP,2023-10,1079579400000000.0,,1595186200000000.0
JP,2023-11,1081546500000000.0,,1597003700000000.0
